instance,instance_file,n,variant,time_dependent,solver,seed,deterministic,feasible,reason,total_dv_kms,reference_dv_kms,reference_kind,gap_pct,runtime_s,runtime_note,feasibility_rate,feasibility_is_structural,best_raw_dv_kms,best_repaired_dv_kms,best_was_raw_sample,mean_feasible_dv_kms,mean_random_permutation_dv_kms,random_permutation_method,optimal_sample_probability,uniform_optimal_probability,uniform_feasible_probability,num_optimal_sequences,num_samples,num_variables,penalty,proven_optimal,certified_lower_bound_kms,sequence_norad
n4_static,iridium33_20260402_planecluster-v1_n4_static.npz,4,static,False,greedy,,True,True,,0.5946282473318969,0.5946282473318969,exact,0.0,7.937499321997166e-05,wall clock,,,,,,,,,,,,,,,,,,35848 34487 36493 38474
n4_static,iridium33_20260402_planecluster-v1_n4_static.npz,4,static,False,exact,,True,True,,0.5946282473318969,0.5946282473318969,exact,0.0,0.00016850000247359276,wall clock,,,,,,,,,,,,,,,,,,38474 36493 34487 35848
n4_static,iridium33_20260402_planecluster-v1_n4_static.npz,4,static,False,brute,,True,True,,0.5946282473318969,0.5946282473318969,exact,0.0,3.79589619114995e-05,wall clock,,,,,,,,,,,,,,,,,,35848 34487 36493 38474
n4_static,iridium33_20260402_planecluster-v1_n4_static.npz,4,static,False,sa-qubo,1,False,True,,0.5946282473318969,0.5946282473318969,exact,0.0,0.07087808300275356,wall clock,1.0,,0.5946282473318969,0.5946282473318969,True,0.7270209104164443,1.0260556567402392,exact (24 permutations),0.4,3.0517578125e-05,0.0003662109375,2,500,16,0.6540910720650867,,,35848 34487 36493 38474
n4_static,iridium33_20260402_planecluster-v1_n4_static.npz,4,static,False,sa-qubo,2,False,True,,0.5946282473318969,0.5946282473318969,exact,0.0,0.06872612499864772,wall clock,1.0,,0.5946282473318969,0.5946282473318969,True,0.7135038246825449,1.0260556567402392,exact (24 permutations),0.372,3.0517578125e-05,0.0003662109375,2,500,16,0.6540910720650867,,,35848 34487 36493 38474
n4_static,iridium33_20260402_planecluster-v1_n4_static.npz,4,static,False,sa-qubo,3,False,True,,0.5946282473318969,0.5946282473318969,exact,0.0,0.069675000035204,wall clock,1.0,,0.5946282473318969,0.5946282473318969,True,0.7298776008099223,1.0260556567402392,exact (24 permutations),0.38,3.0517578125e-05,0.0003662109375,2,500,16,0.6540910720650867,,,35848 34487 36493 38474
n4_static,iridium33_20260402_planecluster-v1_n4_static.npz,4,static,False,sa-qubo,4,False,True,,0.5946282473318969,0.5946282473318969,exact,0.0,0.0689556659781374,wall clock,1.0,,0.5946282473318969,0.5946282473318969,True,0.7271056936899819,1.0260556567402392,exact (24 permutations),0.344,3.0517578125e-05,0.0003662109375,2,500,16,0.6540910720650867,,,35848 34487 36493 38474
n4_static,iridium33_20260402_planecluster-v1_n4_static.npz,4,static,False,sa-qubo,5,False,True,,0.5946282473318969,0.5946282473318969,exact,0.0,0.06950450001750141,wall clock,1.0,,0.5946282473318969,0.5946282473318969,True,0.7242565819583467,1.0260556567402392,exact (24 permutations),0.394,3.0517578125e-05,0.0003662109375,2,500,16,0.6540910720650867,,,35848 34487 36493 38474
n4_static,iridium33_20260402_planecluster-v1_n4_static.npz,4,static,False,qaoa,1,False,True,,0.5946282473318969,0.5946282473318969,exact,0.0,48.881138875032775,classical statevector simulation time,0.083251953125,,0.5946282473318969,0.5946282473318969,False,0.9573359465013443,1.0260556567402392,exact (24 permutations),0.0126953125,3.0517578125e-05,0.0003662109375,2,4096,16,0.6540910720650867,,,35848 34487 36493 38474
n4_static,iridium33_20260402_planecluster-v1_n4_static.npz,4,static,False,qaoa,2,False,True,,0.5946282473318969,0.5946282473318969,exact,0.0,66.3487143330276,classical statevector simulation time,0.027099609375,,0.5946282473318969,0.5946282473318969,False,0.9726946171550604,1.0260556567402392,exact (24 permutations),0.00390625,3.0517578125e-05,0.0003662109375,2,4096,16,0.6540910720650867,,,35848 34487 36493 38474
n4_static,iridium33_20260402_planecluster-v1_n4_static.npz,4,static,False,qaoa,3,False,True,,0.5946282473318969,0.5946282473318969,exact,0.0,67.40820408303989,classical statevector simulation time,0.029541015625,,0.5946282473318969,0.5946282473318969,False,0.9234741975288615,1.0260556567402392,exact (24 permutations),0.0048828125,3.0517578125e-05,0.0003662109375,2,4096,16,0.6540910720650867,,,38474 36493 34487 35848
n4_static,iridium33_20260402_planecluster-v1_n4_static.npz,4,static,False,qaoa,4,False,True,,0.5946282473318969,0.5946282473318969,exact,0.0,68.42848341696663,classical statevector simulation time,0.014404296875,,0.5946282473318969,0.5946282473318969,False,0.9377496179218527,1.0260556567402392,exact (24 permutations),0.001953125,3.0517578125e-05,0.0003662109375,2,4096,16,0.6540910720650867,,,35848 34487 36493 38474
n4_static,iridium33_20260402_planecluster-v1_n4_static.npz,4,static,False,qaoa,5,False,True,,0.5946282473318969,0.5946282473318969,exact,0.0,65.6107607500162,classical statevector simulation time,0.017578125,,0.5946282473318969,0.5946282473318969,False,1.001871878508047,1.0260556567402392,exact (24 permutations),0.001220703125,3.0517578125e-05,0.0003662109375,2,4096,16,0.6540910720650867,,,35848 34487 36493 38474
n4_static,iridium33_20260402_planecluster-v1_n4_static.npz,4,static,False,ortools,1,False,True,,0.5946282473318969,0.5946282473318969,exact,0.0,5.0254506670171395,"configured time limit, not a measurement",1.0,,,,,,,,,,,,,,,,,38474 36493 34487 35848
n4_static,iridium33_20260402_planecluster-v1_n4_static.npz,4,static,False,ortools,2,False,True,,0.5946282473318969,0.5946282473318969,exact,0.0,5.0005471669719554,"configured time limit, not a measurement",1.0,,,,,,,,,,,,,,,,,38474 36493 34487 35848
n4_static,iridium33_20260402_planecluster-v1_n4_static.npz,4,static,False,ortools,3,False,True,,0.5946282473318969,0.5946282473318969,exact,0.0,5.0006010420038365,"configured time limit, not a measurement",1.0,,,,,,,,,,,,,,,,,38474 36493 34487 35848
n4_static,iridium33_20260402_planecluster-v1_n4_static.npz,4,static,False,ortools,4,False,True,,0.5946282473318969,0.5946282473318969,exact,0.0,5.0004869580152445,"configured time limit, not a measurement",1.0,,,,,,,,,,,,,,,,,38474 36493 34487 35848
n4_static,iridium33_20260402_planecluster-v1_n4_static.npz,4,static,False,ortools,5,False,True,,0.5946282473318969,0.5946282473318969,exact,0.0,5.0004105000407435,"configured time limit, not a measurement",1.0,,,,,,,,,,,,,,,,,38474 36493 34487 35848
n4_static,iridium33_20260402_planecluster-v1_n4_static.npz,4,static,False,localsearch,1,False,True,,0.5946282473318969,0.5946282473318969,exact,0.0,0.00016733398661017418,wall clock,,,,,,,,,,,,,,,,,,35848 34487 36493 38474
n4_static,iridium33_20260402_planecluster-v1_n4_static.npz,4,static,False,localsearch,2,False,True,,0.5946282473318969,0.5946282473318969,exact,0.0,9.004102321341634e-05,wall clock,,,,,,,,,,,,,,,,,,35848 34487 36493 38474
n4_static,iridium33_20260402_planecluster-v1_n4_static.npz,4,static,False,localsearch,3,False,True,,0.5946282473318969,0.5946282473318969,exact,0.0,8.37499974295497e-05,wall clock,,,,,,,,,,,,,,,,,,35848 34487 36493 38474
n4_static,iridium33_20260402_planecluster-v1_n4_static.npz,4,static,False,localsearch,4,False,True,,0.5946282473318969,0.5946282473318969,exact,0.0,8.129095658659935e-05,wall clock,,,,,,,,,,,,,,,,,,35848 34487 36493 38474
n4_static,iridium33_20260402_planecluster-v1_n4_static.npz,4,static,False,localsearch,5,False,True,,0.5946282473318969,0.5946282473318969,exact,0.0,8.083396824076772e-05,wall clock,,,,,,,,,,,,,,,,,,35848 34487 36493 38474
n4_static,iridium33_20260402_planecluster-v1_n4_static.npz,4,static,False,sa-perm,1,False,True,,0.5946282473318969,0.5946282473318969,exact,0.0,1.0024758339859545,wall clock,,,,,,,,,,,,,,,,,,35848 34487 36493 38474
n4_static,iridium33_20260402_planecluster-v1_n4_static.npz,4,static,False,sa-perm,2,False,True,,0.5946282473318969,0.5946282473318969,exact,0.0,1.0020798750338145,wall clock,,,,,,,,,,,,,,,,,,35848 34487 36493 38474
n4_static,iridium33_20260402_planecluster-v1_n4_static.npz,4,static,False,sa-perm,3,False,True,,0.5946282473318969,0.5946282473318969,exact,0.0,1.0027133749681525,wall clock,,,,,,,,,,,,,,,,,,35848 34487 36493 38474
n4_static,iridium33_20260402_planecluster-v1_n4_static.npz,4,static,False,sa-perm,4,False,True,,0.5946282473318969,0.5946282473318969,exact,0.0,1.0038513750187121,wall clock,,,,,,,,,,,,,,,,,,35848 34487 36493 38474
n4_static,iridium33_20260402_planecluster-v1_n4_static.npz,4,static,False,sa-perm,5,False,True,,0.5946282473318969,0.5946282473318969,exact,0.0,1.0025811670348048,wall clock,,,,,,,,,,,,,,,,,,35848 34487 36493 38474
n4_static,iridium33_20260402_planecluster-v1_n4_static.npz,4,static,False,cpsat,1,False,True,,0.5946282473318969,0.5946282473318969,exact,0.0,0.01176324998959899,configured time limit unless proven_optimal,,,,,,,,,,,,,,52,,True,,35848 34487 36493 38474
n4_static,iridium33_20260402_planecluster-v1_n4_static.npz,4,static,False,cpsat,2,False,True,,0.5946282473318969,0.5946282473318969,exact,0.0,0.0044897079933434725,configured time limit unless proven_optimal,,,,,,,,,,,,,,52,,True,,35848 34487 36493 38474
n4_static,iridium33_20260402_planecluster-v1_n4_static.npz,4,static,False,cpsat,3,False,True,,0.5946282473318969,0.5946282473318969,exact,0.0,0.004942291998304427,configured time limit unless proven_optimal,,,,,,,,,,,,,,52,,True,,35848 34487 36493 38474
n4_static,iridium33_20260402_planecluster-v1_n4_static.npz,4,static,False,cpsat,4,False,True,,0.5946282473318969,0.5946282473318969,exact,0.0,0.0039981669979169965,configured time limit unless proven_optimal,,,,,,,,,,,,,,52,,True,,35848 34487 36493 38474
n4_static,iridium33_20260402_planecluster-v1_n4_static.npz,4,static,False,cpsat,5,False,True,,0.5946282473318969,0.5946282473318969,exact,0.0,0.0039890839834697545,configured time limit unless proven_optimal,,,,,,,,,,,,,,52,,True,,35848 34487 36493 38474
n4_td30d,iridium33_20260402_planecluster-v1_n4_td30d.npz,4,td,True,greedy,,True,True,,0.5204973409774242,0.5204973409774242,exact,0.0,2.2083986550569534e-05,wall clock,,,,,,,,,,,,,,,,,,38474 36493 34487 35848
n4_td30d,iridium33_20260402_planecluster-v1_n4_td30d.npz,4,td,True,exact,,True,True,,0.5204973409774242,0.5204973409774242,exact,0.0,0.00010200001997873187,wall clock,,,,,,,,,,,,,,,,,,38474 36493 34487 35848
n4_td30d,iridium33_20260402_planecluster-v1_n4_td30d.npz,4,td,True,brute,,True,True,,0.5204973409774242,0.5204973409774242,exact,0.0,3.6207959055900574e-05,wall clock,,,,,,,,,,,,,,,,,,38474 36493 34487 35848
n4_td30d,iridium33_20260402_planecluster-v1_n4_td30d.npz,4,td,True,sa-qubo,1,False,True,,0.5204973409774242,0.5204973409774242,exact,0.0,0.06718679098412395,wall clock,1.0,,0.5204973409774242,0.5204973409774242,True,0.641616282575023,0.9735235789576464,exact (24 permutations),0.184,1.52587890625e-05,0.0003662109375,1,500,16,0.5725470750751667,,,38474 36493 34487 35848
n4_td30d,iridium33_20260402_planecluster-v1_n4_td30d.npz,4,td,True,sa-qubo,2,False,True,,0.5204973409774242,0.5204973409774242,exact,0.0,0.06617425003787503,wall clock,1.0,,0.5204973409774242,0.5204973409774242,True,0.6385191157157151,0.9735235789576464,exact (24 permutations),0.188,1.52587890625e-05,0.0003662109375,1,500,16,0.5725470750751667,,,38474 36493 34487 35848
n4_td30d,iridium33_20260402_planecluster-v1_n4_td30d.npz,4,td,True,sa-qubo,3,False,True,,0.5204973409774242,0.5204973409774242,exact,0.0,0.06620629102690145,wall clock,1.0,,0.5204973409774242,0.5204973409774242,True,0.6430182512250854,0.9735235789576464,exact (24 permutations),0.196,1.52587890625e-05,0.0003662109375,1,500,16,0.5725470750751667,,,38474 36493 34487 35848
n4_td30d,iridium33_20260402_planecluster-v1_n4_td30d.npz,4,td,True,sa-qubo,4,False,True,,0.5204973409774242,0.5204973409774242,exact,0.0,0.06589324999367818,wall clock,1.0,,0.5204973409774242,0.5204973409774242,True,0.641867680784513,0.9735235789576464,exact (24 permutations),0.196,1.52587890625e-05,0.0003662109375,1,500,16,0.5725470750751667,,,38474 36493 34487 35848
n4_td30d,iridium33_20260402_planecluster-v1_n4_td30d.npz,4,td,True,sa-qubo,5,False,True,,0.5204973409774242,0.5204973409774242,exact,0.0,0.06639779201941565,wall clock,1.0,,0.5204973409774242,0.5204973409774242,True,0.6369601757722433,0.9735235789576464,exact (24 permutations),0.196,1.52587890625e-05,0.0003662109375,1,500,16,0.5725470750751667,,,38474 36493 34487 35848
n4_td30d,iridium33_20260402_planecluster-v1_n4_td30d.npz,4,td,True,qaoa,1,False,True,,0.5204973409774242,0.5204973409774242,exact,0.0,49.886435416992754,classical statevector simulation time,0.071533203125,,0.5204973409774242,0.5204973409774242,False,0.8635114624446365,0.9735235789576464,exact (24 permutations),0.0048828125,1.52587890625e-05,0.0003662109375,1,4096,16,0.5725470750751667,,,38474 36493 34487 35848
n4_td30d,iridium33_20260402_planecluster-v1_n4_td30d.npz,4,td,True,qaoa,2,False,True,,0.5204973409774242,0.5204973409774242,exact,0.0,67.6062842910178,classical statevector simulation time,0.025634765625,,0.5204973409774242,0.5204973409774242,False,0.896388242407991,0.9735235789576464,exact (24 permutations),0.0009765625,1.52587890625e-05,0.0003662109375,1,4096,16,0.5725470750751667,,,38474 36493 34487 35848
n4_td30d,iridium33_20260402_planecluster-v1_n4_td30d.npz,4,td,True,qaoa,3,False,True,,0.5204973409774242,0.5204973409774242,exact,0.0,67.71365979203256,classical statevector simulation time,0.010498046875,,0.5204973409774242,0.5204973409774242,False,0.9608317367651821,0.9735235789576464,exact (24 permutations),0.000732421875,1.52587890625e-05,0.0003662109375,1,4096,16,0.5725470750751667,,,38474 36493 34487 35848
n4_td30d,iridium33_20260402_planecluster-v1_n4_td30d.npz,4,td,True,qaoa,4,False,True,,0.5204973409774242,0.5204973409774242,exact,0.0,68.26572808396304,classical statevector simulation time,0.013671875,,0.5204973409774242,0.5204973409774242,False,0.9070801698975568,0.9735235789576464,exact (24 permutations),0.000244140625,1.52587890625e-05,0.0003662109375,1,4096,16,0.5725470750751667,,,38474 36493 34487 35848
n4_td30d,iridium33_20260402_planecluster-v1_n4_td30d.npz,4,td,True,qaoa,5,False,True,,0.5204973409774242,0.5204973409774242,exact,0.0,67.37688774999697,classical statevector simulation time,0.013427734375,,0.5204973409774242,0.5204973409774242,False,0.9238894639643092,0.9735235789576464,exact (24 permutations),0.0009765625,1.52587890625e-05,0.0003662109375,1,4096,16,0.5725470750751667,,,38474 36493 34487 35848
n4_td30d,iridium33_20260402_planecluster-v1_n4_td30d.npz,4,td,True,ortools,1,False,False,"instance has time-slotted costs C[t,i,j]; a routing arc-cost callback sees only (from, to) and cannot express position-dependent legs",,0.5204973409774242,exact,,1.541979145258665e-06,"configured time limit, not a measurement",,,,,,,,,,,,,,,,,,
n4_td30d,iridium33_20260402_planecluster-v1_n4_td30d.npz,4,td,True,ortools,2,False,False,"instance has time-slotted costs C[t,i,j]; a routing arc-cost callback sees only (from, to) and cannot express position-dependent legs",,0.5204973409774242,exact,,5.00003807246685e-07,"configured time limit, not a measurement",,,,,,,,,,,,,,,,,,
n4_td30d,iridium33_20260402_planecluster-v1_n4_td30d.npz,4,td,True,ortools,3,False,False,"instance has time-slotted costs C[t,i,j]; a routing arc-cost callback sees only (from, to) and cannot express position-dependent legs",,0.5204973409774242,exact,,7.909839041531086e-07,"configured time limit, not a measurement",,,,,,,,,,,,,,,,,,
n4_td30d,iridium33_20260402_planecluster-v1_n4_td30d.npz,4,td,True,ortools,4,False,False,"instance has time-slotted costs C[t,i,j]; a routing arc-cost callback sees only (from, to) and cannot express position-dependent legs",,0.5204973409774242,exact,,7.079797796905041e-07,"configured time limit, not a measurement",,,,,,,,,,,,,,,,,,
n4_td30d,iridium33_20260402_planecluster-v1_n4_td30d.npz,4,td,True,ortools,5,False,False,"instance has time-slotted costs C[t,i,j]; a routing arc-cost callback sees only (from, to) and cannot express position-dependent legs",,0.5204973409774242,exact,,5.409820005297661e-07,"configured time limit, not a measurement",,,,,,,,,,,,,,,,,,
n4_td30d,iridium33_20260402_planecluster-v1_n4_td30d.npz,4,td,True,localsearch,1,False,True,,0.5204973409774242,0.5204973409774242,exact,0.0,0.00011912494665011764,wall clock,,,,,,,,,,,,,,,,,,38474 36493 34487 35848
n4_td30d,iridium33_20260402_planecluster-v1_n4_td30d.npz,4,td,True,localsearch,2,False,True,,0.5204973409774242,0.5204973409774242,exact,0.0,9.454198880121112e-05,wall clock,,,,,,,,,,,,,,,,,,38474 36493 34487 35848
n4_td30d,iridium33_20260402_planecluster-v1_n4_td30d.npz,4,td,True,localsearch,3,False,True,,0.5204973409774242,0.5204973409774242,exact,0.0,9.195803431794047e-05,wall clock,,,,,,,,,,,,,,,,,,38474 36493 34487 35848
n4_td30d,iridium33_20260402_planecluster-v1_n4_td30d.npz,4,td,True,localsearch,4,False,True,,0.5204973409774242,0.5204973409774242,exact,0.0,9.058398427441716e-05,wall clock,,,,,,,,,,,,,,,,,,38474 36493 34487 35848
n4_td30d,iridium33_20260402_planecluster-v1_n4_td30d.npz,4,td,True,localsearch,5,False,True,,0.5204973409774242,0.5204973409774242,exact,0.0,9.000004502013326e-05,wall clock,,,,,,,,,,,,,,,,,,38474 36493 34487 35848
n4_td30d,iridium33_20260402_planecluster-v1_n4_td30d.npz,4,td,True,sa-perm,1,False,True,,0.5204973409774242,0.5204973409774242,exact,0.0,1.0028671250329353,wall clock,,,,,,,,,,,,,,,,,,38474 36493 34487 35848
n4_td30d,iridium33_20260402_planecluster-v1_n4_td30d.npz,4,td,True,sa-perm,2,False,True,,0.5204973409774242,0.5204973409774242,exact,0.0,1.0047729579964653,wall clock,,,,,,,,,,,,,,,,,,38474 36493 34487 35848
n4_td30d,iridium33_20260402_planecluster-v1_n4_td30d.npz,4,td,True,sa-perm,3,False,True,,0.5204973409774242,0.5204973409774242,exact,0.0,1.0042534160311334,wall clock,,,,,,,,,,,,,,,,,,38474 36493 34487 35848
n4_td30d,iridium33_20260402_planecluster-v1_n4_td30d.npz,4,td,True,sa-perm,4,False,True,,0.5204973409774242,0.5204973409774242,exact,0.0,1.002978542004712,wall clock,,,,,,,,,,,,,,,,,,38474 36493 34487 35848
n4_td30d,iridium33_20260402_planecluster-v1_n4_td30d.npz,4,td,True,sa-perm,5,False,True,,0.5204973409774242,0.5204973409774242,exact,0.0,1.0045369580038823,wall clock,,,,,,,,,,,,,,,,,,38474 36493 34487 35848
n4_td30d,iridium33_20260402_planecluster-v1_n4_td30d.npz,4,td,True,cpsat,1,False,True,,0.5204973409774242,0.5204973409774242,exact,0.0,0.006040584004949778,configured time limit unless proven_optimal,,,,,,,,,,,,,,52,,True,,38474 36493 34487 35848
n4_td30d,iridium33_20260402_planecluster-v1_n4_td30d.npz,4,td,True,cpsat,2,False,True,,0.5204973409774242,0.5204973409774242,exact,0.0,0.004227291967254132,configured time limit unless proven_optimal,,,,,,,,,,,,,,52,,True,,38474 36493 34487 35848
n4_td30d,iridium33_20260402_planecluster-v1_n4_td30d.npz,4,td,True,cpsat,3,False,True,,0.5204973409774242,0.5204973409774242,exact,0.0,0.0042005410068668425,configured time limit unless proven_optimal,,,,,,,,,,,,,,52,,True,,38474 36493 34487 35848
n4_td30d,iridium33_20260402_planecluster-v1_n4_td30d.npz,4,td,True,cpsat,4,False,True,,0.5204973409774242,0.5204973409774242,exact,0.0,0.004219625028781593,configured time limit unless proven_optimal,,,,,,,,,,,,,,52,,True,,38474 36493 34487 35848
n4_td30d,iridium33_20260402_planecluster-v1_n4_td30d.npz,4,td,True,cpsat,5,False,True,,0.5204973409774242,0.5204973409774242,exact,0.0,0.00398104201303795,configured time limit unless proven_optimal,,,,,,,,,,,,,,52,,True,,38474 36493 34487 35848
n5_static,iridium33_20260402_planecluster-v1_n5_static.npz,5,static,False,greedy,,True,True,,0.829592459178645,0.829592459178645,exact,0.0,2.6250025257468224e-05,wall clock,,,,,,,,,,,,,,,,,,38022 35848 34487 36493 38474
n5_static,iridium33_20260402_planecluster-v1_n5_static.npz,5,static,False,exact,,True,True,,0.829592459178645,0.829592459178645,exact,0.0,0.00016845902428030968,wall clock,,,,,,,,,,,,,,,,,,38022 35848 34487 36493 38474
n5_static,iridium33_20260402_planecluster-v1_n5_static.npz,5,static,False,brute,,True,True,,0.829592459178645,0.829592459178645,exact,0.0,0.00016733299707993865,wall clock,,,,,,,,,,,,,,,,,,38022 35848 34487 36493 38474
n5_static,iridium33_20260402_planecluster-v1_n5_static.npz,5,static,False,sa-qubo,1,False,True,,0.829592459178645,0.829592459178645,exact,0.0,0.1140062499907799,wall clock,1.0,,0.829592459178645,0.829592459178645,True,1.2169163456614307,1.6888136535160798,exact (120 permutations),0.134,5.960464477539063e-08,3.5762786865234375e-06,2,500,25,0.9125517050965095,,,38022 35848 34487 36493 38474
n5_static,iridium33_20260402_planecluster-v1_n5_static.npz,5,static,False,sa-qubo,2,False,True,,0.829592459178645,0.829592459178645,exact,0.0,0.11386795801809058,wall clock,1.0,,0.829592459178645,0.829592459178645,True,1.1930761174793192,1.6888136535160798,exact (120 permutations),0.146,5.960464477539063e-08,3.5762786865234375e-06,2,500,25,0.9125517050965095,,,38022 35848 34487 36493 38474
n5_static,iridium33_20260402_planecluster-v1_n5_static.npz,5,static,False,sa-qubo,3,False,True,,0.829592459178645,0.829592459178645,exact,0.0,0.11377266701310873,wall clock,1.0,,0.829592459178645,0.829592459178645,True,1.2127617714113412,1.6888136535160798,exact (120 permutations),0.116,5.960464477539063e-08,3.5762786865234375e-06,2,500,25,0.9125517050965095,,,38022 35848 34487 36493 38474
n5_static,iridium33_20260402_planecluster-v1_n5_static.npz,5,static,False,sa-qubo,4,False,True,,0.829592459178645,0.829592459178645,exact,0.0,0.11307179200230166,wall clock,1.0,,0.829592459178645,0.829592459178645,True,1.1850002530323995,1.6888136535160798,exact (120 permutations),0.166,5.960464477539063e-08,3.5762786865234375e-06,2,500,25,0.9125517050965095,,,38022 35848 34487 36493 38474
n5_static,iridium33_20260402_planecluster-v1_n5_static.npz,5,static,False,sa-qubo,5,False,True,,0.829592459178645,0.829592459178645,exact,0.0,0.11306162504479289,wall clock,1.0,,0.829592459178645,0.829592459178645,True,1.2246761730640334,1.6888136535160798,exact (120 permutations),0.122,5.960464477539063e-08,3.5762786865234375e-06,2,500,25,0.9125517050965095,,,38022 35848 34487 36493 38474
n5_static,iridium33_20260402_planecluster-v1_n5_static.npz,5,static,False,qaoa,1,False,False,"N=5 needs 25 qubits, over the qaoa limit of 4 (=16 qubits, 1 MiB statevector)",,0.829592459178645,exact,,7.166992872953415e-06,classical statevector simulation time,,,,,,,,,,,,,,,,,,
n5_static,iridium33_20260402_planecluster-v1_n5_static.npz,5,static,False,qaoa,2,False,False,"N=5 needs 25 qubits, over the qaoa limit of 4 (=16 qubits, 1 MiB statevector)",,0.829592459178645,exact,,2.6249908842146397e-06,classical statevector simulation time,,,,,,,,,,,,,,,,,,
n5_static,iridium33_20260402_planecluster-v1_n5_static.npz,5,static,False,qaoa,3,False,False,"N=5 needs 25 qubits, over the qaoa limit of 4 (=16 qubits, 1 MiB statevector)",,0.829592459178645,exact,,2.0840088836848736e-06,classical statevector simulation time,,,,,,,,,,,,,,,,,,
n5_static,iridium33_20260402_planecluster-v1_n5_static.npz,5,static,False,qaoa,4,False,False,"N=5 needs 25 qubits, over the qaoa limit of 4 (=16 qubits, 1 MiB statevector)",,0.829592459178645,exact,,1.8329592421650887e-06,classical statevector simulation time,,,,,,,,,,,,,,,,,,
n5_static,iridium33_20260402_planecluster-v1_n5_static.npz,5,static,False,qaoa,5,False,False,"N=5 needs 25 qubits, over the qaoa limit of 4 (=16 qubits, 1 MiB statevector)",,0.829592459178645,exact,,1.9579892978072166e-06,classical statevector simulation time,,,,,,,,,,,,,,,,,,
n5_static,iridium33_20260402_planecluster-v1_n5_static.npz,5,static,False,ortools,1,False,True,,0.8295924591786451,0.829592459178645,exact,1.3382752125355088e-14,5.000516915984917,"configured time limit, not a measurement",1.0,,,,,,,,,,,,,,,,,38474 36493 34487 35848 38022
n5_static,iridium33_20260402_planecluster-v1_n5_static.npz,5,static,False,ortools,2,False,True,,0.8295924591786451,0.829592459178645,exact,1.3382752125355088e-14,5.000488042016514,"configured time limit, not a measurement",1.0,,,,,,,,,,,,,,,,,38474 36493 34487 35848 38022
n5_static,iridium33_20260402_planecluster-v1_n5_static.npz,5,static,False,ortools,3,False,True,,0.8295924591786451,0.829592459178645,exact,1.3382752125355088e-14,5.000524792005308,"configured time limit, not a measurement",1.0,,,,,,,,,,,,,,,,,38474 36493 34487 35848 38022
n5_static,iridium33_20260402_planecluster-v1_n5_static.npz,5,static,False,ortools,4,False,True,,0.8295924591786451,0.829592459178645,exact,1.3382752125355088e-14,5.002678541990463,"configured time limit, not a measurement",1.0,,,,,,,,,,,,,,,,,38474 36493 34487 35848 38022
n5_static,iridium33_20260402_planecluster-v1_n5_static.npz,5,static,False,ortools,5,False,True,,0.8295924591786451,0.829592459178645,exact,1.3382752125355088e-14,5.006697917007841,"configured time limit, not a measurement",1.0,,,,,,,,,,,,,,,,,38474 36493 34487 35848 38022
n5_static,iridium33_20260402_planecluster-v1_n5_static.npz,5,static,False,localsearch,1,False,True,,0.829592459178645,0.829592459178645,exact,0.0,0.000210291997063905,wall clock,,,,,,,,,,,,,,,,,,38022 35848 34487 36493 38474
n5_static,iridium33_20260402_planecluster-v1_n5_static.npz,5,static,False,localsearch,2,False,True,,0.829592459178645,0.829592459178645,exact,0.0,0.00014566595200449228,wall clock,,,,,,,,,,,,,,,,,,38022 35848 34487 36493 38474
n5_static,iridium33_20260402_planecluster-v1_n5_static.npz,5,static,False,localsearch,3,False,True,,0.829592459178645,0.829592459178645,exact,0.0,0.00014716701116412878,wall clock,,,,,,,,,,,,,,,,,,38022 35848 34487 36493 38474
n5_static,iridium33_20260402_planecluster-v1_n5_static.npz,5,static,False,localsearch,4,False,True,,0.829592459178645,0.829592459178645,exact,0.0,0.00013916700845584273,wall clock,,,,,,,,,,,,,,,,,,38022 35848 34487 36493 38474
n5_static,iridium33_20260402_planecluster-v1_n5_static.npz,5,static,False,localsearch,5,False,True,,0.829592459178645,0.829592459178645,exact,0.0,0.00013712496729567647,wall clock,,,,,,,,,,,,,,,,,,38022 35848 34487 36493 38474
n5_static,iridium33_20260402_planecluster-v1_n5_static.npz,5,static,False,sa-perm,1,False,True,,0.829592459178645,0.829592459178645,exact,0.0,1.0029702910105698,wall clock,,,,,,,,,,,,,,,,,,38022 35848 34487 36493 38474
n5_static,iridium33_20260402_planecluster-v1_n5_static.npz,5,static,False,sa-perm,2,False,True,,0.829592459178645,0.829592459178645,exact,0.0,1.0044228750048205,wall clock,,,,,,,,,,,,,,,,,,38022 35848 34487 36493 38474
n5_static,iridium33_20260402_planecluster-v1_n5_static.npz,5,static,False,sa-perm,3,False,True,,0.829592459178645,0.829592459178645,exact,0.0,1.0040398749988526,wall clock,,,,,,,,,,,,,,,,,,38022 35848 34487 36493 38474
n5_static,iridium33_20260402_planecluster-v1_n5_static.npz,5,static,False,sa-perm,4,False,True,,0.829592459178645,0.829592459178645,exact,0.0,1.0031008339719847,wall clock,,,,,,,,,,,,,,,,,,38022 35848 34487 36493 38474
n5_static,iridium33_20260402_planecluster-v1_n5_static.npz,5,static,False,sa-perm,5,False,True,,0.829592459178645,0.829592459178645,exact,0.0,1.003679583023768,wall clock,,,,,,,,,,,,,,,,,,38022 35848 34487 36493 38474
n5_static,iridium33_20260402_planecluster-v1_n5_static.npz,5,static,False,cpsat,1,False,True,,0.829592459178645,0.829592459178645,exact,0.0,0.007727457967121154,configured time limit unless proven_optimal,,,,,,,,,,,,,,105,,True,,38022 35848 34487 36493 38474
n5_static,iridium33_20260402_planecluster-v1_n5_static.npz,5,static,False,cpsat,2,False,True,,0.8295924591786451,0.829592459178645,exact,1.3382752125355088e-14,0.007136500033084303,configured time limit unless proven_optimal,,,,,,,,,,,,,,105,,True,,38474 36493 34487 35848 38022
n5_static,iridium33_20260402_planecluster-v1_n5_static.npz,5,static,False,cpsat,3,False,True,,0.829592459178645,0.829592459178645,exact,0.0,0.007893915986642241,configured time limit unless proven_optimal,,,,,,,,,,,,,,105,,True,,38022 35848 34487 36493 38474
n5_static,iridium33_20260402_planecluster-v1_n5_static.npz,5,static,False,cpsat,4,False,True,,0.8295924591786451,0.829592459178645,exact,1.3382752125355088e-14,0.012827791972085834,configured time limit unless proven_optimal,,,,,,,,,,,,,,105,,True,,38474 36493 34487 35848 38022
n5_static,iridium33_20260402_planecluster-v1_n5_static.npz,5,static,False,cpsat,5,False,True,,0.8295924591786451,0.829592459178645,exact,1.3382752125355088e-14,0.008570540987420827,configured time limit unless proven_optimal,,,,,,,,,,,,,,105,,True,,38474 36493 34487 35848 38022
n5_td30d,iridium33_20260402_planecluster-v1_n5_td30d.npz,5,td,True,greedy,,True,True,,0.831426138126927,0.831426138126927,exact,0.0,3.6209006793797016e-05,wall clock,,,,,,,,,,,,,,,,,,38022 35848 34487 36493 38474
n5_td30d,iridium33_20260402_planecluster-v1_n5_td30d.npz,5,td,True,exact,,True,True,,0.831426138126927,0.831426138126927,exact,0.0,0.0002002500114031136,wall clock,,,,,,,,,,,,,,,,,,38022 35848 34487 36493 38474
n5_td30d,iridium33_20260402_planecluster-v1_n5_td30d.npz,5,td,True,brute,,True,True,,0.831426138126927,0.831426138126927,exact,0.0,0.00020037498325109482,wall clock,,,,,,,,,,,,,,,,,,38022 35848 34487 36493 38474
n5_td30d,iridium33_20260402_planecluster-v1_n5_td30d.npz,5,td,True,sa-qubo,1,False,True,,0.831426138126927,0.831426138126927,exact,0.0,0.10550441703526303,wall clock,1.0,,0.831426138126927,0.831426138126927,True,1.1626739409967175,1.6660435809295968,exact (120 permutations),0.056,2.9802322387695312e-08,3.5762786865234375e-06,1,500,25,0.9145687519396197,,,38022 35848 34487 36493 38474
n5_td30d,iridium33_20260402_planecluster-v1_n5_td30d.npz,5,td,True,sa-qubo,2,False,True,,0.831426138126927,0.831426138126927,exact,0.0,0.10349491599481553,wall clock,1.0,,0.831426138126927,0.831426138126927,True,1.177569743936038,1.6660435809295968,exact (120 permutations),0.068,2.9802322387695312e-08,3.5762786865234375e-06,1,500,25,0.9145687519396197,,,38022 35848 34487 36493 38474
n5_td30d,iridium33_20260402_planecluster-v1_n5_td30d.npz,5,td,True,sa-qubo,3,False,True,,0.831426138126927,0.831426138126927,exact,0.0,0.10262195800896734,wall clock,1.0,,0.831426138126927,0.831426138126927,True,1.201407722573461,1.6660435809295968,exact (120 permutations),0.056,2.9802322387695312e-08,3.5762786865234375e-06,1,500,25,0.9145687519396197,,,38022 35848 34487 36493 38474
n5_td30d,iridium33_20260402_planecluster-v1_n5_td30d.npz,5,td,True,sa-qubo,4,False,True,,0.831426138126927,0.831426138126927,exact,0.0,0.10339633299736306,wall clock,1.0,,0.831426138126927,0.831426138126927,True,1.1823369986030956,1.6660435809295968,exact (120 permutations),0.064,2.9802322387695312e-08,3.5762786865234375e-06,1,500,25,0.9145687519396197,,,38022 35848 34487 36493 38474
n5_td30d,iridium33_20260402_planecluster-v1_n5_td30d.npz,5,td,True,sa-qubo,5,False,True,,0.831426138126927,0.831426138126927,exact,0.0,0.10369816602906212,wall clock,1.0,,0.831426138126927,0.831426138126927,True,1.1931381644861603,1.6660435809295968,exact (120 permutations),0.04,2.9802322387695312e-08,3.5762786865234375e-06,1,500,25,0.9145687519396197,,,38022 35848 34487 36493 38474
n5_td30d,iridium33_20260402_planecluster-v1_n5_td30d.npz,5,td,True,qaoa,1,False,False,"N=5 needs 25 qubits, over the qaoa limit of 4 (=16 qubits, 1 MiB statevector)",,0.831426138126927,exact,,6.708025466650724e-06,classical statevector simulation time,,,,,,,,,,,,,,,,,,
n5_td30d,iridium33_20260402_planecluster-v1_n5_td30d.npz,5,td,True,qaoa,2,False,False,"N=5 needs 25 qubits, over the qaoa limit of 4 (=16 qubits, 1 MiB statevector)",,0.831426138126927,exact,,5.415990017354488e-06,classical statevector simulation time,,,,,,,,,,,,,,,,,,
n5_td30d,iridium33_20260402_planecluster-v1_n5_td30d.npz,5,td,True,qaoa,3,False,False,"N=5 needs 25 qubits, over the qaoa limit of 4 (=16 qubits, 1 MiB statevector)",,0.831426138126927,exact,,3.6249984987080097e-06,classical statevector simulation time,,,,,,,,,,,,,,,,,,
n5_td30d,iridium33_20260402_planecluster-v1_n5_td30d.npz,5,td,True,qaoa,4,False,False,"N=5 needs 25 qubits, over the qaoa limit of 4 (=16 qubits, 1 MiB statevector)",,0.831426138126927,exact,,1.8329592421650887e-06,classical statevector simulation time,,,,,,,,,,,,,,,,,,
n5_td30d,iridium33_20260402_planecluster-v1_n5_td30d.npz,5,td,True,qaoa,5,False,False,"N=5 needs 25 qubits, over the qaoa limit of 4 (=16 qubits, 1 MiB statevector)",,0.831426138126927,exact,,1.9170111045241356e-06,classical statevector simulation time,,,,,,,,,,,,,,,,,,
n5_td30d,iridium33_20260402_planecluster-v1_n5_td30d.npz,5,td,True,ortools,1,False,False,"instance has time-slotted costs C[t,i,j]; a routing arc-cost callback sees only (from, to) and cannot express position-dependent legs",,0.831426138126927,exact,,9.579816833138466e-07,"configured time limit, not a measurement",,,,,,,,,,,,,,,,,,
n5_td30d,iridium33_20260402_planecluster-v1_n5_td30d.npz,5,td,True,ortools,2,False,False,"instance has time-slotted costs C[t,i,j]; a routing arc-cost callback sees only (from, to) and cannot express position-dependent legs",,0.831426138126927,exact,,9.160139597952366e-07,"configured time limit, not a measurement",,,,,,,,,,,,,,,,,,
n5_td30d,iridium33_20260402_planecluster-v1_n5_td30d.npz,5,td,True,ortools,3,False,False,"instance has time-slotted costs C[t,i,j]; a routing arc-cost callback sees only (from, to) and cannot express position-dependent legs",,0.831426138126927,exact,,1.0830117389559746e-06,"configured time limit, not a measurement",,,,,,,,,,,,,,,,,,
n5_td30d,iridium33_20260402_planecluster-v1_n5_td30d.npz,5,td,True,ortools,4,False,False,"instance has time-slotted costs C[t,i,j]; a routing arc-cost callback sees only (from, to) and cannot express position-dependent legs",,0.831426138126927,exact,,5.410402081906796e-07,"configured time limit, not a measurement",,,,,,,,,,,,,,,,,,
n5_td30d,iridium33_20260402_planecluster-v1_n5_td30d.npz,5,td,True,ortools,5,False,False,"instance has time-slotted costs C[t,i,j]; a routing arc-cost callback sees only (from, to) and cannot express position-dependent legs",,0.831426138126927,exact,,3.7497375160455704e-07,"configured time limit, not a measurement",,,,,,,,,,,,,,,,,,
n5_td30d,iridium33_20260402_planecluster-v1_n5_td30d.npz,5,td,True,localsearch,1,False,True,,0.831426138126927,0.831426138126927,exact,0.0,0.00026175001403316855,wall clock,,,,,,,,,,,,,,,,,,38022 35848 34487 36493 38474
n5_td30d,iridium33_20260402_planecluster-v1_n5_td30d.npz,5,td,True,localsearch,2,False,True,,0.831426138126927,0.831426138126927,exact,0.0,0.00016587501158937812,wall clock,,,,,,,,,,,,,,,,,,38022 35848 34487 36493 38474
n5_td30d,iridium33_20260402_planecluster-v1_n5_td30d.npz,5,td,True,localsearch,3,False,True,,0.831426138126927,0.831426138126927,exact,0.0,0.00015874998643994331,wall clock,,,,,,,,,,,,,,,,,,38022 35848 34487 36493 38474
n5_td30d,iridium33_20260402_planecluster-v1_n5_td30d.npz,5,td,True,localsearch,4,False,True,,0.831426138126927,0.831426138126927,exact,0.0,0.00015616696327924728,wall clock,,,,,,,,,,,,,,,,,,38022 35848 34487 36493 38474
n5_td30d,iridium33_20260402_planecluster-v1_n5_td30d.npz,5,td,True,localsearch,5,False,True,,0.831426138126927,0.831426138126927,exact,0.0,0.00015641702339053154,wall clock,,,,,,,,,,,,,,,,,,38022 35848 34487 36493 38474
n5_td30d,iridium33_20260402_planecluster-v1_n5_td30d.npz,5,td,True,sa-perm,1,False,True,,0.831426138126927,0.831426138126927,exact,0.0,1.0033313329913653,wall clock,,,,,,,,,,,,,,,,,,38022 35848 34487 36493 38474
n5_td30d,iridium33_20260402_planecluster-v1_n5_td30d.npz,5,td,True,sa-perm,2,False,True,,0.831426138126927,0.831426138126927,exact,0.0,1.00384383299388,wall clock,,,,,,,,,,,,,,,,,,38022 35848 34487 36493 38474
n5_td30d,iridium33_20260402_planecluster-v1_n5_td30d.npz,5,td,True,sa-perm,3,False,True,,0.831426138126927,0.831426138126927,exact,0.0,1.0035233750240877,wall clock,,,,,,,,,,,,,,,,,,38022 35848 34487 36493 38474
n5_td30d,iridium33_20260402_planecluster-v1_n5_td30d.npz,5,td,True,sa-perm,4,False,True,,0.831426138126927,0.831426138126927,exact,0.0,1.0036669580149464,wall clock,,,,,,,,,,,,,,,,,,38022 35848 34487 36493 38474
n5_td30d,iridium33_20260402_planecluster-v1_n5_td30d.npz,5,td,True,sa-perm,5,False,True,,0.831426138126927,0.831426138126927,exact,0.0,1.0036554170073941,wall clock,,,,,,,,,,,,,,,,,,38022 35848 34487 36493 38474
n5_td30d,iridium33_20260402_planecluster-v1_n5_td30d.npz,5,td,True,cpsat,1,False,True,,0.831426138126927,0.831426138126927,exact,0.0,0.011393958004191518,configured time limit unless proven_optimal,,,,,,,,,,,,,,105,,True,,38022 35848 34487 36493 38474
n5_td30d,iridium33_20260402_planecluster-v1_n5_td30d.npz,5,td,True,cpsat,2,False,True,,0.831426138126927,0.831426138126927,exact,0.0,0.007913417008239776,configured time limit unless proven_optimal,,,,,,,,,,,,,,105,,True,,38022 35848 34487 36493 38474
n5_td30d,iridium33_20260402_planecluster-v1_n5_td30d.npz,5,td,True,cpsat,3,False,True,,0.831426138126927,0.831426138126927,exact,0.0,0.00788970896974206,configured time limit unless proven_optimal,,,,,,,,,,,,,,105,,True,,38022 35848 34487 36493 38474
n5_td30d,iridium33_20260402_planecluster-v1_n5_td30d.npz,5,td,True,cpsat,4,False,True,,0.831426138126927,0.831426138126927,exact,0.0,0.007764750043861568,configured time limit unless proven_optimal,,,,,,,,,,,,,,105,,True,,38022 35848 34487 36493 38474
n5_td30d,iridium33_20260402_planecluster-v1_n5_td30d.npz,5,td,True,cpsat,5,False,True,,0.831426138126927,0.831426138126927,exact,0.0,0.008088249946013093,configured time limit unless proven_optimal,,,,,,,,,,,,,,105,,True,,38022 35848 34487 36493 38474
n8_static,iridium33_20260402_planecluster-v1_n8_static.npz,8,static,False,greedy,,True,True,,1.0823533823959817,1.0823533823959817,exact,0.0,5.541602149605751e-05,wall clock,,,,,,,,,,,,,,,,,,38022 35848 34487 36493 38474 37565 35051 34486
n8_static,iridium33_20260402_planecluster-v1_n8_static.npz,8,static,False,exact,,True,True,,1.0823533823959817,1.0823533823959817,exact,0.0,0.0013606249704025686,wall clock,,,,,,,,,,,,,,,,,,38022 35848 34487 36493 38474 37565 35051 34486
n8_static,iridium33_20260402_planecluster-v1_n8_static.npz,8,static,False,brute,,True,True,,1.0823533823959817,1.0823533823959817,exact,0.0,0.08016262500314042,wall clock,,,,,,,,,,,,,,,,,,38022 35848 34487 36493 38474 37565 35051 34486
n8_static,iridium33_20260402_planecluster-v1_n8_static.npz,8,static,False,sa-qubo,1,False,True,,1.0823533823959817,1.0823533823959817,exact,0.0,0.3029844160191715,wall clock,1.0,,1.0823533823959817,1.0823533823959817,True,2.0593304875217453,2.9995023226855038,exact (40320 permutations),0.002,1.0842021724855044e-19,2.185751579730777e-15,2,500,64,1.1905887206355799,,,38022 35848 34487 36493 38474 37565 35051 34486
n8_static,iridium33_20260402_planecluster-v1_n8_static.npz,8,static,False,sa-qubo,2,False,True,,1.0823533823959817,1.0823533823959817,exact,0.0,0.32248008297756314,wall clock,1.0,,1.0823533823959817,1.0823533823959817,True,2.0517366010061986,2.9995023226855038,exact (40320 permutations),0.002,1.0842021724855044e-19,2.185751579730777e-15,2,500,64,1.1905887206355799,,,38022 35848 34487 36493 38474 37565 35051 34486
n8_static,iridium33_20260402_planecluster-v1_n8_static.npz,8,static,False,sa-qubo,3,False,True,,1.1154246230338982,1.0823533823959817,exact,3.055493813370591,0.30017824994865805,wall clock,1.0,,1.1154246230338982,1.1154246230338982,True,2.087996884397934,2.9995023226855038,exact (40320 permutations),0.0,1.0842021724855044e-19,2.185751579730777e-15,2,500,64,1.1905887206355799,,,38022 35848 34487 36493 38474 37565 34486 35051
n8_static,iridium33_20260402_planecluster-v1_n8_static.npz,8,static,False,sa-qubo,4,False,True,,1.0823533823959817,1.0823533823959817,exact,0.0,0.29853270802414045,wall clock,1.0,,1.0823533823959817,1.0823533823959817,True,2.086151155443499,2.9995023226855038,exact (40320 permutations),0.006,1.0842021724855044e-19,2.185751579730777e-15,2,500,64,1.1905887206355799,,,38022 35848 34487 36493 38474 37565 35051 34486
n8_static,iridium33_20260402_planecluster-v1_n8_static.npz,8,static,False,sa-qubo,5,False,True,,1.0823533823959817,1.0823533823959817,exact,0.0,0.29939954198198393,wall clock,1.0,,1.0823533823959817,1.0823533823959817,True,2.047093075696658,2.9995023226855038,exact (40320 permutations),0.004,1.0842021724855044e-19,2.185751579730777e-15,2,500,64,1.1905887206355799,,,38022 35848 34487 36493 38474 37565 35051 34486
n8_static,iridium33_20260402_planecluster-v1_n8_static.npz,8,static,False,qaoa,1,False,False,"N=8 needs 64 qubits, over the qaoa limit of 4 (=16 qubits, 1 MiB statevector)",,1.0823533823959817,exact,,6.66698906570673e-06,classical statevector simulation time,,,,,,,,,,,,,,,,,,
n8_static,iridium33_20260402_planecluster-v1_n8_static.npz,8,static,False,qaoa,2,False,False,"N=8 needs 64 qubits, over the qaoa limit of 4 (=16 qubits, 1 MiB statevector)",,1.0823533823959817,exact,,3.2499665394425392e-06,classical statevector simulation time,,,,,,,,,,,,,,,,,,
n8_static,iridium33_20260402_planecluster-v1_n8_static.npz,8,static,False,qaoa,3,False,False,"N=8 needs 64 qubits, over the qaoa limit of 4 (=16 qubits, 1 MiB statevector)",,1.0823533823959817,exact,,5.291018169373274e-06,classical statevector simulation time,,,,,,,,,,,,,,,,,,
n8_static,iridium33_20260402_planecluster-v1_n8_static.npz,8,static,False,qaoa,4,False,False,"N=8 needs 64 qubits, over the qaoa limit of 4 (=16 qubits, 1 MiB statevector)",,1.0823533823959817,exact,,2.8750509954988956e-06,classical statevector simulation time,,,,,,,,,,,,,,,,,,
n8_static,iridium33_20260402_planecluster-v1_n8_static.npz,8,static,False,qaoa,5,False,False,"N=8 needs 64 qubits, over the qaoa limit of 4 (=16 qubits, 1 MiB statevector)",,1.0823533823959817,exact,,3.7499703466892242e-06,classical statevector simulation time,,,,,,,,,,,,,,,,,,
n8_static,iridium33_20260402_planecluster-v1_n8_static.npz,8,static,False,ortools,1,False,True,,1.0823533823959819,1.0823533823959817,exact,2.0514982309520398e-14,5.002592457982246,"configured time limit, not a measurement",1.0,,,,,,,,,,,,,,,,,34486 35051 37565 38474 36493 34487 35848 38022
n8_static,iridium33_20260402_planecluster-v1_n8_static.npz,8,static,False,ortools,2,False,True,,1.0823533823959819,1.0823533823959817,exact,2.0514982309520398e-14,5.002010583004449,"configured time limit, not a measurement",1.0,,,,,,,,,,,,,,,,,34486 35051 37565 38474 36493 34487 35848 38022
n8_static,iridium33_20260402_planecluster-v1_n8_static.npz,8,static,False,ortools,3,False,True,,1.0823533823959819,1.0823533823959817,exact,2.0514982309520398e-14,5.001660167006776,"configured time limit, not a measurement",1.0,,,,,,,,,,,,,,,,,34486 35051 37565 38474 36493 34487 35848 38022
n8_static,iridium33_20260402_planecluster-v1_n8_static.npz,8,static,False,ortools,4,False,True,,1.0823533823959819,1.0823533823959817,exact,2.0514982309520398e-14,5.001785334025044,"configured time limit, not a measurement",1.0,,,,,,,,,,,,,,,,,34486 35051 37565 38474 36493 34487 35848 38022
n8_static,iridium33_20260402_planecluster-v1_n8_static.npz,8,static,False,ortools,5,False,True,,1.0823533823959819,1.0823533823959817,exact,2.0514982309520398e-14,5.001061666000169,"configured time limit, not a measurement",1.0,,,,,,,,,,,,,,,,,34486 35051 37565 38474 36493 34487 35848 38022
n8_static,iridium33_20260402_planecluster-v1_n8_static.npz,8,static,False,localsearch,1,False,True,,1.0823533823959817,1.0823533823959817,exact,0.0,0.0005352920270524919,wall clock,,,,,,,,,,,,,,,,,,38022 35848 34487 36493 38474 37565 35051 34486
n8_static,iridium33_20260402_planecluster-v1_n8_static.npz,8,static,False,localsearch,2,False,True,,1.0823533823959817,1.0823533823959817,exact,0.0,0.0004624579451046884,wall clock,,,,,,,,,,,,,,,,,,38022 35848 34487 36493 38474 37565 35051 34486
n8_static,iridium33_20260402_planecluster-v1_n8_static.npz,8,static,False,localsearch,3,False,True,,1.0823533823959817,1.0823533823959817,exact,0.0,0.0004242919967509806,wall clock,,,,,,,,,,,,,,,,,,38022 35848 34487 36493 38474 37565 35051 34486
n8_static,iridium33_20260402_planecluster-v1_n8_static.npz,8,static,False,localsearch,4,False,True,,1.0823533823959817,1.0823533823959817,exact,0.0,0.0005253329873085022,wall clock,,,,,,,,,,,,,,,,,,38022 35848 34487 36493 38474 37565 35051 34486
n8_static,iridium33_20260402_planecluster-v1_n8_static.npz,8,static,False,localsearch,5,False,True,,1.0823533823959817,1.0823533823959817,exact,0.0,0.0004183750133961439,wall clock,,,,,,,,,,,,,,,,,,38022 35848 34487 36493 38474 37565 35051 34486
n8_static,iridium33_20260402_planecluster-v1_n8_static.npz,8,static,False,sa-perm,1,False,True,,1.0823533823959817,1.0823533823959817,exact,0.0,1.0029754170100205,wall clock,,,,,,,,,,,,,,,,,,38022 35848 34487 36493 38474 37565 35051 34486
n8_static,iridium33_20260402_planecluster-v1_n8_static.npz,8,static,False,sa-perm,2,False,True,,1.0823533823959817,1.0823533823959817,exact,0.0,1.0025729580083862,wall clock,,,,,,,,,,,,,,,,,,38022 35848 34487 36493 38474 37565 35051 34486
n8_static,iridium33_20260402_planecluster-v1_n8_static.npz,8,static,False,sa-perm,3,False,True,,1.0823533823959817,1.0823533823959817,exact,0.0,1.0028305840096436,wall clock,,,,,,,,,,,,,,,,,,38022 35848 34487 36493 38474 37565 35051 34486
n8_static,iridium33_20260402_planecluster-v1_n8_static.npz,8,static,False,sa-perm,4,False,True,,1.0823533823959817,1.0823533823959817,exact,0.0,1.0050265419995412,wall clock,,,,,,,,,,,,,,,,,,38022 35848 34487 36493 38474 37565 35051 34486
n8_static,iridium33_20260402_planecluster-v1_n8_static.npz,8,static,False,sa-perm,5,False,True,,1.0823533823959817,1.0823533823959817,exact,0.0,1.0039091669605114,wall clock,,,,,,,,,,,,,,,,,,38022 35848 34487 36493 38474 37565 35051 34486
n8_static,iridium33_20260402_planecluster-v1_n8_static.npz,8,static,False,cpsat,1,False,True,,1.0823533823959817,1.0823533823959817,exact,0.0,0.04366254201158881,configured time limit unless proven_optimal,,,,,,,,,,,,,,456,,True,,38022 35848 34487 36493 38474 37565 35051 34486
n8_static,iridium33_20260402_planecluster-v1_n8_static.npz,8,static,False,cpsat,2,False,True,,1.0823533823959817,1.0823533823959817,exact,0.0,0.04553149995626882,configured time limit unless proven_optimal,,,,,,,,,,,,,,456,,True,,38022 35848 34487 36493 38474 37565 35051 34486
n8_static,iridium33_20260402_planecluster-v1_n8_static.npz,8,static,False,cpsat,3,False,True,,1.0823533823959817,1.0823533823959817,exact,0.0,0.043425415991805494,configured time limit unless proven_optimal,,,,,,,,,,,,,,456,,True,,38022 35848 34487 36493 38474 37565 35051 34486
n8_static,iridium33_20260402_planecluster-v1_n8_static.npz,8,static,False,cpsat,4,False,True,,1.0823533823959817,1.0823533823959817,exact,0.0,0.06989133299794048,configured time limit unless proven_optimal,,,,,,,,,,,,,,456,,True,,38022 35848 34487 36493 38474 37565 35051 34486
n8_static,iridium33_20260402_planecluster-v1_n8_static.npz,8,static,False,cpsat,5,False,True,,1.0823533823959817,1.0823533823959817,exact,0.0,0.04639437497826293,configured time limit unless proven_optimal,,,,,,,,,,,,,,456,,True,,38022 35848 34487 36493 38474 37565 35051 34486
n8_td30d,iridium33_20260402_planecluster-v1_n8_td30d.npz,8,td,True,greedy,,True,True,,1.1720375713992255,1.1123581267408957,exact,5.365128659884464,6.604200461879373e-05,wall clock,,,,,,,,,,,,,,,,,,34486 35051 37565 38474 36493 35848 34487 38022
n8_td30d,iridium33_20260402_planecluster-v1_n8_td30d.npz,8,td,True,exact,,True,True,,1.1123581267408957,1.1123581267408957,exact,0.0,0.0012847919715568423,wall clock,,,,,,,,,,,,,,,,,,34486 35051 37565 36493 38474 35848 34487 38022
n8_td30d,iridium33_20260402_planecluster-v1_n8_td30d.npz,8,td,True,brute,,True,True,,1.1123581267408957,1.1123581267408957,exact,0.0,0.09601870796177536,wall clock,,,,,,,,,,,,,,,,,,34486 35051 37565 36493 38474 35848 34487 38022
n8_td30d,iridium33_20260402_planecluster-v1_n8_td30d.npz,8,td,True,sa-qubo,1,False,True,,1.1720375713992255,1.1123581267408957,exact,5.365128659884464,0.28498825000133365,wall clock,1.0,,1.1720375713992255,1.1720375713992255,True,2.318896151724465,3.537839015582032,exact (40320 permutations),0.0,5.421010862427522e-20,2.185751579730777e-15,1,500,64,1.2892413285391482,,,34486 35051 37565 38474 36493 35848 34487 38022
n8_td30d,iridium33_20260402_planecluster-v1_n8_td30d.npz,8,td,True,sa-qubo,2,False,True,,1.1123581267408957,1.1123581267408957,exact,0.0,0.2849979160237126,wall clock,1.0,,1.1123581267408957,1.1123581267408957,True,2.3267228807854416,3.537839015582032,exact (40320 permutations),0.004,5.421010862427522e-20,2.185751579730777e-15,1,500,64,1.2892413285391482,,,34486 35051 37565 36493 38474 35848 34487 38022
n8_td30d,iridium33_20260402_planecluster-v1_n8_td30d.npz,8,td,True,sa-qubo,3,False,True,,1.1123581267408957,1.1123581267408957,exact,0.0,0.28472616599174216,wall clock,1.0,,1.1123581267408957,1.1123581267408957,True,2.302041224183898,3.537839015582032,exact (40320 permutations),0.004,5.421010862427522e-20,2.185751579730777e-15,1,500,64,1.2892413285391482,,,34486 35051 37565 36493 38474 35848 34487 38022
n8_td30d,iridium33_20260402_planecluster-v1_n8_td30d.npz,8,td,True,sa-qubo,4,False,True,,1.1720375713992255,1.1123581267408957,exact,5.365128659884464,0.2838811249821447,wall clock,1.0,,1.1720375713992255,1.1720375713992255,True,2.3223303354426945,3.537839015582032,exact (40320 permutations),0.0,5.421010862427522e-20,2.185751579730777e-15,1,500,64,1.2892413285391482,,,34486 35051 37565 38474 36493 35848 34487 38022
n8_td30d,iridium33_20260402_planecluster-v1_n8_td30d.npz,8,td,True,sa-qubo,5,False,True,,1.1764619824559344,1.1123581267408957,exact,5.7628792539015175,0.2848855829797685,wall clock,1.0,,1.1764619824559344,1.1764619824559344,True,2.3311206279550993,3.537839015582032,exact (40320 permutations),0.0,5.421010862427522e-20,2.185751579730777e-15,1,500,64,1.2892413285391482,,,34486 35051 38474 36493 37565 35848 34487 38022
n8_td30d,iridium33_20260402_planecluster-v1_n8_td30d.npz,8,td,True,qaoa,1,False,False,"N=8 needs 64 qubits, over the qaoa limit of 4 (=16 qubits, 1 MiB statevector)",,1.1123581267408957,exact,,6.292015314102173e-06,classical statevector simulation time,,,,,,,,,,,,,,,,,,
n8_td30d,iridium33_20260402_planecluster-v1_n8_td30d.npz,8,td,True,qaoa,2,False,False,"N=8 needs 64 qubits, over the qaoa limit of 4 (=16 qubits, 1 MiB statevector)",,1.1123581267408957,exact,,4.208995960652828e-06,classical statevector simulation time,,,,,,,,,,,,,,,,,,
n8_td30d,iridium33_20260402_planecluster-v1_n8_td30d.npz,8,td,True,qaoa,3,False,False,"N=8 needs 64 qubits, over the qaoa limit of 4 (=16 qubits, 1 MiB statevector)",,1.1123581267408957,exact,,2.249958924949169e-06,classical statevector simulation time,,,,,,,,,,,,,,,,,,
n8_td30d,iridium33_20260402_planecluster-v1_n8_td30d.npz,8,td,True,qaoa,4,False,False,"N=8 needs 64 qubits, over the qaoa limit of 4 (=16 qubits, 1 MiB statevector)",,1.1123581267408957,exact,,1.9999570213258266e-06,classical statevector simulation time,,,,,,,,,,,,,,,,,,
n8_td30d,iridium33_20260402_planecluster-v1_n8_td30d.npz,8,td,True,qaoa,5,False,False,"N=8 needs 64 qubits, over the qaoa limit of 4 (=16 qubits, 1 MiB statevector)",,1.1123581267408957,exact,,1.7919810488820076e-06,classical statevector simulation time,,,,,,,,,,,,,,,,,,
n8_td30d,iridium33_20260402_planecluster-v1_n8_td30d.npz,8,td,True,ortools,1,False,False,"instance has time-slotted costs C[t,i,j]; a routing arc-cost callback sees only (from, to) and cannot express position-dependent legs",,1.1123581267408957,exact,,7.919734343886375e-07,"configured time limit, not a measurement",,,,,,,,,,,,,,,,,,
n8_td30d,iridium33_20260402_planecluster-v1_n8_td30d.npz,8,td,True,ortools,2,False,False,"instance has time-slotted costs C[t,i,j]; a routing arc-cost callback sees only (from, to) and cannot express position-dependent legs",,1.1123581267408957,exact,,4.5902561396360397e-07,"configured time limit, not a measurement",,,,,,,,,,,,,,,,,,
n8_td30d,iridium33_20260402_planecluster-v1_n8_td30d.npz,8,td,True,ortools,3,False,False,"instance has time-slotted costs C[t,i,j]; a routing arc-cost callback sees only (from, to) and cannot express position-dependent legs",,1.1123581267408957,exact,,3.33995558321476e-07,"configured time limit, not a measurement",,,,,,,,,,,,,,,,,,
n8_td30d,iridium33_20260402_planecluster-v1_n8_td30d.npz,8,td,True,ortools,4,False,False,"instance has time-slotted costs C[t,i,j]; a routing arc-cost callback sees only (from, to) and cannot express position-dependent legs",,1.1123581267408957,exact,,5.410402081906796e-07,"configured time limit, not a measurement",,,,,,,,,,,,,,,,,,
n8_td30d,iridium33_20260402_planecluster-v1_n8_td30d.npz,8,td,True,ortools,5,False,False,"instance has time-slotted costs C[t,i,j]; a routing arc-cost callback sees only (from, to) and cannot express position-dependent legs",,1.1123581267408957,exact,,3.3300602808594704e-07,"configured time limit, not a measurement",,,,,,,,,,,,,,,,,,
n8_td30d,iridium33_20260402_planecluster-v1_n8_td30d.npz,8,td,True,localsearch,1,False,True,,1.1123581267408957,1.1123581267408957,exact,0.0,0.0009639579802751541,wall clock,,,,,,,,,,,,,,,,,,34486 35051 37565 36493 38474 35848 34487 38022
n8_td30d,iridium33_20260402_planecluster-v1_n8_td30d.npz,8,td,True,localsearch,2,False,True,,1.1123581267408957,1.1123581267408957,exact,0.0,0.0008964579901657999,wall clock,,,,,,,,,,,,,,,,,,34486 35051 37565 36493 38474 35848 34487 38022
n8_td30d,iridium33_20260402_planecluster-v1_n8_td30d.npz,8,td,True,localsearch,3,False,True,,1.1123581267408957,1.1123581267408957,exact,0.0,0.0009159999899566174,wall clock,,,,,,,,,,,,,,,,,,34486 35051 37565 36493 38474 35848 34487 38022
n8_td30d,iridium33_20260402_planecluster-v1_n8_td30d.npz,8,td,True,localsearch,4,False,True,,1.1123581267408957,1.1123581267408957,exact,0.0,0.0008689999813213944,wall clock,,,,,,,,,,,,,,,,,,34486 35051 37565 36493 38474 35848 34487 38022
n8_td30d,iridium33_20260402_planecluster-v1_n8_td30d.npz,8,td,True,localsearch,5,False,True,,1.1123581267408957,1.1123581267408957,exact,0.0,0.0008662919863127172,wall clock,,,,,,,,,,,,,,,,,,34486 35051 37565 36493 38474 35848 34487 38022
n8_td30d,iridium33_20260402_planecluster-v1_n8_td30d.npz,8,td,True,sa-perm,1,False,True,,1.1123581267408957,1.1123581267408957,exact,0.0,1.0030252920114435,wall clock,,,,,,,,,,,,,,,,,,34486 35051 37565 36493 38474 35848 34487 38022
n8_td30d,iridium33_20260402_planecluster-v1_n8_td30d.npz,8,td,True,sa-perm,2,False,True,,1.1123581267408957,1.1123581267408957,exact,0.0,1.00432979199104,wall clock,,,,,,,,,,,,,,,,,,34486 35051 37565 36493 38474 35848 34487 38022
n8_td30d,iridium33_20260402_planecluster-v1_n8_td30d.npz,8,td,True,sa-perm,3,False,True,,1.1123581267408957,1.1123581267408957,exact,0.0,1.0027916670078412,wall clock,,,,,,,,,,,,,,,,,,34486 35051 37565 36493 38474 35848 34487 38022
n8_td30d,iridium33_20260402_planecluster-v1_n8_td30d.npz,8,td,True,sa-perm,4,False,True,,1.1123581267408957,1.1123581267408957,exact,0.0,1.002602124994155,wall clock,,,,,,,,,,,,,,,,,,34486 35051 37565 36493 38474 35848 34487 38022
n8_td30d,iridium33_20260402_planecluster-v1_n8_td30d.npz,8,td,True,sa-perm,5,False,True,,1.1123581267408957,1.1123581267408957,exact,0.0,1.003116375009995,wall clock,,,,,,,,,,,,,,,,,,34486 35051 37565 36493 38474 35848 34487 38022
n8_td30d,iridium33_20260402_planecluster-v1_n8_td30d.npz,8,td,True,cpsat,1,False,True,,1.1123581267408957,1.1123581267408957,exact,0.0,0.04776862502330914,configured time limit unless proven_optimal,,,,,,,,,,,,,,456,,True,,34486 35051 37565 36493 38474 35848 34487 38022
n8_td30d,iridium33_20260402_planecluster-v1_n8_td30d.npz,8,td,True,cpsat,2,False,True,,1.1123581267408957,1.1123581267408957,exact,0.0,0.05955225002253428,configured time limit unless proven_optimal,,,,,,,,,,,,,,456,,True,,34486 35051 37565 36493 38474 35848 34487 38022
n8_td30d,iridium33_20260402_planecluster-v1_n8_td30d.npz,8,td,True,cpsat,3,False,True,,1.1123581267408957,1.1123581267408957,exact,0.0,0.0492341669742018,configured time limit unless proven_optimal,,,,,,,,,,,,,,456,,True,,34486 35051 37565 36493 38474 35848 34487 38022
n8_td30d,iridium33_20260402_planecluster-v1_n8_td30d.npz,8,td,True,cpsat,4,False,True,,1.1123581267408957,1.1123581267408957,exact,0.0,0.04319216700969264,configured time limit unless proven_optimal,,,,,,,,,,,,,,456,,True,,34486 35051 37565 36493 38474 35848 34487 38022
n8_td30d,iridium33_20260402_planecluster-v1_n8_td30d.npz,8,td,True,cpsat,5,False,True,,1.1123581267408957,1.1123581267408957,exact,0.0,0.043827874993439764,configured time limit unless proven_optimal,,,,,,,,,,,,,,456,,True,,34486 35051 37565 36493 38474 35848 34487 38022
n10_static,iridium33_20260402_planecluster-v1_n10_static.npz,10,static,False,greedy,,True,True,,1.3267733746221748,1.3267733746221748,exact,0.0,8.591701043769717e-05,wall clock,,,,,,,,,,,,,,,,,,34486 36490 35051 37565 38474 36493 34487 35848 38022 34071
n10_static,iridium33_20260402_planecluster-v1_n10_static.npz,10,static,False,exact,,True,True,,1.3267733746221748,1.3267733746221748,exact,0.0,0.005120166984852403,wall clock,,,,,,,,,,,,,,,,,,34486 36490 35051 37565 38474 36493 34487 35848 38022 34071
n10_static,iridium33_20260402_planecluster-v1_n10_static.npz,10,static,False,brute,,True,False,N=10 exceeds brute-force limit 8,,1.3267733746221748,exact,,6.660120561718941e-07,wall clock,,,,,,,,,,,,,,,,,,
n10_static,iridium33_20260402_planecluster-v1_n10_static.npz,10,static,False,sa-qubo,1,False,True,,1.5225501257956688,1.3267733746221748,exact,14.755854686128696,0.4680996669922024,wall clock,1.0,,1.5225501257956688,1.5225501257956688,True,3.003689937397112,4.6060070932041,sampled (100000 draws),0.0,,2.8626184528660076e-24,,500,100,1.4594507120843925,,,35051 36490 34486 37565 36493 38474 34487 35848 38022 34071
n10_static,iridium33_20260402_planecluster-v1_n10_static.npz,10,static,False,sa-qubo,2,False,True,,1.4064638611991684,1.3267733746221748,exact,6.006337487718057,0.46860629197908565,wall clock,1.0,,1.4064638611991684,1.4064638611991684,True,2.988906486183832,4.6060070932041,sampled (100000 draws),0.0,,2.8626184528660076e-24,,500,100,1.4594507120843925,,,34486 35051 36490 37565 38474 36493 34487 35848 38022 34071
n10_static,iridium33_20260402_planecluster-v1_n10_static.npz,10,static,False,sa-qubo,3,False,True,,1.5650719546160947,1.3267733746221748,exact,17.960759881979104,0.46800929197343066,wall clock,1.0,,1.5650719546160947,1.5650719546160947,True,2.985385019089451,4.6060070932041,sampled (100000 draws),0.0,,2.8626184528660076e-24,,500,100,1.4594507120843925,,,36490 37565 35051 34486 38474 36493 34487 35848 38022 34071
n10_static,iridium33_20260402_planecluster-v1_n10_static.npz,10,static,False,sa-qubo,4,False,True,,1.5519344559506791,1.3267733746221748,exact,16.970575807087133,0.49030358297750354,wall clock,1.0,,1.5519344559506791,1.5519344559506791,True,2.9466107998700886,4.6060070932041,sampled (100000 draws),0.0,,2.8626184528660076e-24,,500,100,1.4594507120843925,,,34071 38022 35848 34487 36493 37565 36490 34486 35051 38474
n10_static,iridium33_20260402_planecluster-v1_n10_static.npz,10,static,False,sa-qubo,5,False,True,,1.3598446152600916,1.3267733746221748,exact,2.492606595104041,0.4688465420040302,wall clock,1.0,,1.3598446152600916,1.3598446152600916,True,3.0036049278343713,4.6060070932041,sampled (100000 draws),0.0,,2.8626184528660076e-24,,500,100,1.4594507120843925,,,35051 36490 34486 37565 38474 36493 34487 35848 38022 34071
n10_static,iridium33_20260402_planecluster-v1_n10_static.npz,10,static,False,qaoa,1,False,False,"N=10 needs 100 qubits, over the qaoa limit of 4 (=16 qubits, 1 MiB statevector)",,1.3267733746221748,exact,,6.834045052528381e-06,classical statevector simulation time,,,,,,,,,,,,,,,,,,
n10_static,iridium33_20260402_planecluster-v1_n10_static.npz,10,static,False,qaoa,2,False,False,"N=10 needs 100 qubits, over the qaoa limit of 4 (=16 qubits, 1 MiB statevector)",,1.3267733746221748,exact,,4.04199818149209e-06,classical statevector simulation time,,,,,,,,,,,,,,,,,,
n10_static,iridium33_20260402_planecluster-v1_n10_static.npz,10,static,False,qaoa,3,False,False,"N=10 needs 100 qubits, over the qaoa limit of 4 (=16 qubits, 1 MiB statevector)",,1.3267733746221748,exact,,2.167013008147478e-06,classical statevector simulation time,,,,,,,,,,,,,,,,,,
n10_static,iridium33_20260402_planecluster-v1_n10_static.npz,10,static,False,qaoa,4,False,False,"N=10 needs 100 qubits, over the qaoa limit of 4 (=16 qubits, 1 MiB statevector)",,1.3267733746221748,exact,,2.1249870769679546e-06,classical statevector simulation time,,,,,,,,,,,,,,,,,,
n10_static,iridium33_20260402_planecluster-v1_n10_static.npz,10,static,False,qaoa,5,False,False,"N=10 needs 100 qubits, over the qaoa limit of 4 (=16 qubits, 1 MiB statevector)",,1.3267733746221748,exact,,1.834006980061531e-06,classical statevector simulation time,,,,,,,,,,,,,,,,,,
n10_static,iridium33_20260402_planecluster-v1_n10_static.npz,10,static,False,ortools,1,False,True,,1.3267733746221748,1.3267733746221748,exact,0.0,5.000823083042633,"configured time limit, not a measurement",1.0,,,,,,,,,,,,,,,,,34486 36490 35051 37565 38474 36493 34487 35848 38022 34071
n10_static,iridium33_20260402_planecluster-v1_n10_static.npz,10,static,False,ortools,2,False,True,,1.3267733746221748,1.3267733746221748,exact,0.0,5.0005802499945275,"configured time limit, not a measurement",1.0,,,,,,,,,,,,,,,,,34486 36490 35051 37565 38474 36493 34487 35848 38022 34071
n10_static,iridium33_20260402_planecluster-v1_n10_static.npz,10,static,False,ortools,3,False,True,,1.3267733746221748,1.3267733746221748,exact,0.0,5.00059762498131,"configured time limit, not a measurement",1.0,,,,,,,,,,,,,,,,,34486 36490 35051 37565 38474 36493 34487 35848 38022 34071
n10_static,iridium33_20260402_planecluster-v1_n10_static.npz,10,static,False,ortools,4,False,True,,1.3267733746221748,1.3267733746221748,exact,0.0,5.000614333024714,"configured time limit, not a measurement",1.0,,,,,,,,,,,,,,,,,34486 36490 35051 37565 38474 36493 34487 35848 38022 34071
n10_static,iridium33_20260402_planecluster-v1_n10_static.npz,10,static,False,ortools,5,False,True,,1.3267733746221748,1.3267733746221748,exact,0.0,5.000553167017642,"configured time limit, not a measurement",1.0,,,,,,,,,,,,,,,,,34486 36490 35051 37565 38474 36493 34487 35848 38022 34071
n10_static,iridium33_20260402_planecluster-v1_n10_static.npz,10,static,False,localsearch,1,False,True,,1.3267733746221748,1.3267733746221748,exact,0.0,0.0007968749850988388,wall clock,,,,,,,,,,,,,,,,,,34486 36490 35051 37565 38474 36493 34487 35848 38022 34071
n10_static,iridium33_20260402_planecluster-v1_n10_static.npz,10,static,False,localsearch,2,False,True,,1.3267733746221748,1.3267733746221748,exact,0.0,0.0007141249952837825,wall clock,,,,,,,,,,,,,,,,,,34486 36490 35051 37565 38474 36493 34487 35848 38022 34071
n10_static,iridium33_20260402_planecluster-v1_n10_static.npz,10,static,False,localsearch,3,False,True,,1.3267733746221748,1.3267733746221748,exact,0.0,0.0006941670435480773,wall clock,,,,,,,,,,,,,,,,,,34486 36490 35051 37565 38474 36493 34487 35848 38022 34071
n10_static,iridium33_20260402_planecluster-v1_n10_static.npz,10,static,False,localsearch,4,False,True,,1.3267733746221748,1.3267733746221748,exact,0.0,0.0006888749776408076,wall clock,,,,,,,,,,,,,,,,,,34486 36490 35051 37565 38474 36493 34487 35848 38022 34071
n10_static,iridium33_20260402_planecluster-v1_n10_static.npz,10,static,False,localsearch,5,False,True,,1.3267733746221748,1.3267733746221748,exact,0.0,0.000685916980728507,wall clock,,,,,,,,,,,,,,,,,,34486 36490 35051 37565 38474 36493 34487 35848 38022 34071
n10_static,iridium33_20260402_planecluster-v1_n10_static.npz,10,static,False,sa-perm,1,False,True,,1.3267733746221748,1.3267733746221748,exact,0.0,1.0037258330266923,wall clock,,,,,,,,,,,,,,,,,,34486 36490 35051 37565 38474 36493 34487 35848 38022 34071
n10_static,iridium33_20260402_planecluster-v1_n10_static.npz,10,static,False,sa-perm,2,False,True,,1.3267733746221748,1.3267733746221748,exact,0.0,1.003548749955371,wall clock,,,,,,,,,,,,,,,,,,34486 36490 35051 37565 38474 36493 34487 35848 38022 34071
n10_static,iridium33_20260402_planecluster-v1_n10_static.npz,10,static,False,sa-perm,3,False,True,,1.3267733746221748,1.3267733746221748,exact,0.0,1.0021211249986663,wall clock,,,,,,,,,,,,,,,,,,34486 36490 35051 37565 38474 36493 34487 35848 38022 34071
n10_static,iridium33_20260402_planecluster-v1_n10_static.npz,10,static,False,sa-perm,4,False,True,,1.3267733746221748,1.3267733746221748,exact,0.0,1.0021007910254411,wall clock,,,,,,,,,,,,,,,,,,34486 36490 35051 37565 38474 36493 34487 35848 38022 34071
n10_static,iridium33_20260402_planecluster-v1_n10_static.npz,10,static,False,sa-perm,5,False,True,,1.3267733746221748,1.3267733746221748,exact,0.0,1.0032651660148986,wall clock,,,,,,,,,,,,,,,,,,34486 36490 35051 37565 38474 36493 34487 35848 38022 34071
n10_static,iridium33_20260402_planecluster-v1_n10_static.npz,10,static,False,cpsat,1,False,True,,1.3267733746221753,1.3267733746221748,exact,3.347136883693689e-14,0.11114420904777944,configured time limit unless proven_optimal,,,,,,,,,,,,,,910,,True,,34071 38022 35848 34487 36493 38474 37565 35051 36490 34486
n10_static,iridium33_20260402_planecluster-v1_n10_static.npz,10,static,False,cpsat,2,False,True,,1.3267733746221753,1.3267733746221748,exact,3.347136883693689e-14,0.15350537502672523,configured time limit unless proven_optimal,,,,,,,,,,,,,,910,,True,,34071 38022 35848 34487 36493 38474 37565 35051 36490 34486
n10_static,iridium33_20260402_planecluster-v1_n10_static.npz,10,static,False,cpsat,3,False,True,,1.3267733746221753,1.3267733746221748,exact,3.347136883693689e-14,0.1081916670082137,configured time limit unless proven_optimal,,,,,,,,,,,,,,910,,True,,34071 38022 35848 34487 36493 38474 37565 35051 36490 34486
n10_static,iridium33_20260402_planecluster-v1_n10_static.npz,10,static,False,cpsat,4,False,True,,1.3267733746221753,1.3267733746221748,exact,3.347136883693689e-14,0.11271079198922962,configured time limit unless proven_optimal,,,,,,,,,,,,,,910,,True,,34071 38022 35848 34487 36493 38474 37565 35051 36490 34486
n10_static,iridium33_20260402_planecluster-v1_n10_static.npz,10,static,False,cpsat,5,False,True,,1.3267733746221753,1.3267733746221748,exact,3.347136883693689e-14,0.1254084169631824,configured time limit unless proven_optimal,,,,,,,,,,,,,,910,,True,,34071 38022 35848 34487 36493 38474 37565 35051 36490 34486
n10_td30d,iridium33_20260402_planecluster-v1_n10_td30d.npz,10,td,True,greedy,,True,True,,1.5165201039689056,1.5165201039689056,exact,0.0,0.00010370800737291574,wall clock,,,,,,,,,,,,,,,,,,34486 36490 35051 37565 36493 38474 35848 34487 38022 34071
n10_td30d,iridium33_20260402_planecluster-v1_n10_td30d.npz,10,td,True,exact,,True,True,,1.5165201039689056,1.5165201039689056,exact,0.0,0.005547458014916629,wall clock,,,,,,,,,,,,,,,,,,34486 36490 35051 37565 36493 38474 35848 34487 38022 34071
n10_td30d,iridium33_20260402_planecluster-v1_n10_td30d.npz,10,td,True,brute,,True,False,N=10 exceeds brute-force limit 8,,1.5165201039689056,exact,,7.499475032091141e-07,wall clock,,,,,,,,,,,,,,,,,,
n10_td30d,iridium33_20260402_planecluster-v1_n10_td30d.npz,10,td,True,sa-qubo,1,False,True,,1.7494909794098294,1.5165201039689056,exact,15.36220158448362,0.4551284160115756,wall clock,1.0,,1.7494909794098294,1.7494909794098294,True,3.6706924512743258,5.902959736200397,sampled (100000 draws),0.0,,2.8626184528660076e-24,,500,100,1.6681721143657964,,,35051 34486 36490 38474 36493 37565 35848 34487 38022 34071
n10_td30d,iridium33_20260402_planecluster-v1_n10_td30d.npz,10,td,True,sa-qubo,2,False,True,,1.7005777898300511,1.5165201039689056,exact,12.13684443611698,0.46069170895498246,wall clock,1.0,,1.7005777898300511,1.7005777898300511,True,3.6623304905621232,5.902959736200397,sampled (100000 draws),0.0,,2.8626184528660076e-24,,500,100,1.6681721143657964,,,34486 36490 37565 35051 36493 38474 35848 34487 38022 34071
n10_td30d,iridium33_20260402_planecluster-v1_n10_td30d.npz,10,td,True,sa-qubo,3,False,True,,1.5587452776029718,1.5165201039689056,exact,2.78434644707697,0.4546562500181608,wall clock,1.0,,1.5587452776029718,1.5587452776029718,True,3.6310476529534443,5.902959736200397,sampled (100000 draws),0.0,,2.8626184528660076e-24,,500,100,1.6681721143657964,,,34486 36490 35051 36493 37565 38474 35848 34487 38022 34071
n10_td30d,iridium33_20260402_planecluster-v1_n10_td30d.npz,10,td,True,sa-qubo,4,False,True,,1.8503794928555275,1.5165201039689056,exact,22.01483435747894,0.45930558297550306,wall clock,1.0,,1.8503794928555275,1.8503794928555275,True,3.7060017611582445,5.902959736200397,sampled (100000 draws),0.0,,2.8626184528660076e-24,,500,100,1.6681721143657964,,,37565 34486 36490 35051 38474 36493 35848 34487 38022 34071
n10_td30d,iridium33_20260402_planecluster-v1_n10_td30d.npz,10,td,True,sa-qubo,5,False,True,,1.8343703500194637,1.5165201039689056,exact,20.959184465719108,0.4553878330043517,wall clock,1.0,,1.8343703500194637,1.8343703500194637,True,3.6723930630683377,5.902959736200397,sampled (100000 draws),0.0,,2.8626184528660076e-24,,500,100,1.6681721143657964,,,36490 34486 38474 37565 36493 35051 35848 34487 38022 34071
n10_td30d,iridium33_20260402_planecluster-v1_n10_td30d.npz,10,td,True,qaoa,1,False,False,"N=10 needs 100 qubits, over the qaoa limit of 4 (=16 qubits, 1 MiB statevector)",,1.5165201039689056,exact,,6.791960913687944e-06,classical statevector simulation time,,,,,,,,,,,,,,,,,,
n10_td30d,iridium33_20260402_planecluster-v1_n10_td30d.npz,10,td,True,qaoa,2,False,False,"N=10 needs 100 qubits, over the qaoa limit of 4 (=16 qubits, 1 MiB statevector)",,1.5165201039689056,exact,,4.792003892362118e-06,classical statevector simulation time,,,,,,,,,,,,,,,,,,
n10_td30d,iridium33_20260402_planecluster-v1_n10_td30d.npz,10,td,True,qaoa,3,False,False,"N=10 needs 100 qubits, over the qaoa limit of 4 (=16 qubits, 1 MiB statevector)",,1.5165201039689056,exact,,3.958994057029486e-06,classical statevector simulation time,,,,,,,,,,,,,,,,,,
n10_td30d,iridium33_20260402_planecluster-v1_n10_td30d.npz,10,td,True,qaoa,4,False,False,"N=10 needs 100 qubits, over the qaoa limit of 4 (=16 qubits, 1 MiB statevector)",,1.5165201039689056,exact,,3.374996595084667e-06,classical statevector simulation time,,,,,,,,,,,,,,,,,,
n10_td30d,iridium33_20260402_planecluster-v1_n10_td30d.npz,10,td,True,qaoa,5,False,False,"N=10 needs 100 qubits, over the qaoa limit of 4 (=16 qubits, 1 MiB statevector)",,1.5165201039689056,exact,,2.249958924949169e-06,classical statevector simulation time,,,,,,,,,,,,,,,,,,
n10_td30d,iridium33_20260402_planecluster-v1_n10_td30d.npz,10,td,True,ortools,1,False,False,"instance has time-slotted costs C[t,i,j]; a routing arc-cost callback sees only (from, to) and cannot express position-dependent legs",,1.5165201039689056,exact,,1.2500095181167126e-06,"configured time limit, not a measurement",,,,,,,,,,,,,,,,,,
n10_td30d,iridium33_20260402_planecluster-v1_n10_td30d.npz,10,td,True,ortools,2,False,False,"instance has time-slotted costs C[t,i,j]; a routing arc-cost callback sees only (from, to) and cannot express position-dependent legs",,1.5165201039689056,exact,,4.5803608372807503e-07,"configured time limit, not a measurement",,,,,,,,,,,,,,,,,,
n10_td30d,iridium33_20260402_planecluster-v1_n10_td30d.npz,10,td,True,ortools,3,False,False,"instance has time-slotted costs C[t,i,j]; a routing arc-cost callback sees only (from, to) and cannot express position-dependent legs",,1.5165201039689056,exact,,3.33995558321476e-07,"configured time limit, not a measurement",,,,,,,,,,,,,,,,,,
n10_td30d,iridium33_20260402_planecluster-v1_n10_td30d.npz,10,td,True,ortools,4,False,False,"instance has time-slotted costs C[t,i,j]; a routing arc-cost callback sees only (from, to) and cannot express position-dependent legs",,1.5165201039689056,exact,,4.169996827840805e-07,"configured time limit, not a measurement",,,,,,,,,,,,,,,,,,
n10_td30d,iridium33_20260402_planecluster-v1_n10_td30d.npz,10,td,True,ortools,5,False,False,"instance has time-slotted costs C[t,i,j]; a routing arc-cost callback sees only (from, to) and cannot express position-dependent legs",,1.5165201039689056,exact,,3.33995558321476e-07,"configured time limit, not a measurement",,,,,,,,,,,,,,,,,,
n10_td30d,iridium33_20260402_planecluster-v1_n10_td30d.npz,10,td,True,localsearch,1,False,True,,1.5165201039689056,1.5165201039689056,exact,0.0,0.000854959012940526,wall clock,,,,,,,,,,,,,,,,,,34486 36490 35051 37565 36493 38474 35848 34487 38022 34071
n10_td30d,iridium33_20260402_planecluster-v1_n10_td30d.npz,10,td,True,localsearch,2,False,True,,1.5165201039689056,1.5165201039689056,exact,0.0,0.0007802080363035202,wall clock,,,,,,,,,,,,,,,,,,34486 36490 35051 37565 36493 38474 35848 34487 38022 34071
n10_td30d,iridium33_20260402_planecluster-v1_n10_td30d.npz,10,td,True,localsearch,3,False,True,,1.5165201039689056,1.5165201039689056,exact,0.0,0.0008215419948101044,wall clock,,,,,,,,,,,,,,,,,,34486 36490 35051 37565 36493 38474 35848 34487 38022 34071
n10_td30d,iridium33_20260402_planecluster-v1_n10_td30d.npz,10,td,True,localsearch,4,False,True,,1.5165201039689056,1.5165201039689056,exact,0.0,0.0008105419692583382,wall clock,,,,,,,,,,,,,,,,,,34486 36490 35051 37565 36493 38474 35848 34487 38022 34071
n10_td30d,iridium33_20260402_planecluster-v1_n10_td30d.npz,10,td,True,localsearch,5,False,True,,1.5165201039689056,1.5165201039689056,exact,0.0,0.0008425829582847655,wall clock,,,,,,,,,,,,,,,,,,34486 36490 35051 37565 36493 38474 35848 34487 38022 34071
n10_td30d,iridium33_20260402_planecluster-v1_n10_td30d.npz,10,td,True,sa-perm,1,False,True,,1.5165201039689056,1.5165201039689056,exact,0.0,1.0032367910025641,wall clock,,,,,,,,,,,,,,,,,,34486 36490 35051 37565 36493 38474 35848 34487 38022 34071
n10_td30d,iridium33_20260402_planecluster-v1_n10_td30d.npz,10,td,True,sa-perm,2,False,True,,1.5165201039689056,1.5165201039689056,exact,0.0,1.0048076250241138,wall clock,,,,,,,,,,,,,,,,,,34486 36490 35051 37565 36493 38474 35848 34487 38022 34071
n10_td30d,iridium33_20260402_planecluster-v1_n10_td30d.npz,10,td,True,sa-perm,3,False,True,,1.5165201039689056,1.5165201039689056,exact,0.0,1.0035022500087507,wall clock,,,,,,,,,,,,,,,,,,34486 36490 35051 37565 36493 38474 35848 34487 38022 34071
n10_td30d,iridium33_20260402_planecluster-v1_n10_td30d.npz,10,td,True,sa-perm,4,False,True,,1.5165201039689056,1.5165201039689056,exact,0.0,1.0046476250281557,wall clock,,,,,,,,,,,,,,,,,,34486 36490 35051 37565 36493 38474 35848 34487 38022 34071
n10_td30d,iridium33_20260402_planecluster-v1_n10_td30d.npz,10,td,True,sa-perm,5,False,True,,1.5165201039689056,1.5165201039689056,exact,0.0,1.0030832079937682,wall clock,,,,,,,,,,,,,,,,,,34486 36490 35051 37565 36493 38474 35848 34487 38022 34071
n10_td30d,iridium33_20260402_planecluster-v1_n10_td30d.npz,10,td,True,cpsat,1,False,True,,1.5165201039689056,1.5165201039689056,exact,0.0,0.1363117920118384,configured time limit unless proven_optimal,,,,,,,,,,,,,,910,,True,,34486 36490 35051 37565 36493 38474 35848 34487 38022 34071
n10_td30d,iridium33_20260402_planecluster-v1_n10_td30d.npz,10,td,True,cpsat,2,False,True,,1.5165201039689056,1.5165201039689056,exact,0.0,0.1778982079704292,configured time limit unless proven_optimal,,,,,,,,,,,,,,910,,True,,34486 36490 35051 37565 36493 38474 35848 34487 38022 34071
n10_td30d,iridium33_20260402_planecluster-v1_n10_td30d.npz,10,td,True,cpsat,3,False,True,,1.5165201039689056,1.5165201039689056,exact,0.0,0.14113337500020862,configured time limit unless proven_optimal,,,,,,,,,,,,,,910,,True,,34486 36490 35051 37565 36493 38474 35848 34487 38022 34071
n10_td30d,iridium33_20260402_planecluster-v1_n10_td30d.npz,10,td,True,cpsat,4,False,True,,1.5165201039689056,1.5165201039689056,exact,0.0,0.1431470419629477,configured time limit unless proven_optimal,,,,,,,,,,,,,,910,,True,,34486 36490 35051 37565 36493 38474 35848 34487 38022 34071
n10_td30d,iridium33_20260402_planecluster-v1_n10_td30d.npz,10,td,True,cpsat,5,False,True,,1.5165201039689056,1.5165201039689056,exact,0.0,0.1701054169679992,configured time limit unless proven_optimal,,,,,,,,,,,,,,910,,True,,34486 36490 35051 37565 36493 38474 35848 34487 38022 34071
n15_static,iridium33_20260402_planecluster-v1_n15_static.npz,15,static,False,greedy,,True,True,,2.0151195116003193,2.015119511600319,exact,2.2037859655151996e-14,0.0002210419625043869,wall clock,,,,,,,,,,,,,,,,,,35806 34071 38022 35848 34487 36493 38474 37565 35051 36490 34486 33884 35628 36080 34079
n15_static,iridium33_20260402_planecluster-v1_n15_static.npz,15,static,False,exact,,True,True,,2.015119511600319,2.015119511600319,exact,0.0,0.21147616702364758,wall clock,,,,,,,,,,,,,,,,,,34079 36080 35628 33884 34486 36490 35051 37565 38474 36493 34487 35848 38022 34071 35806
n15_static,iridium33_20260402_planecluster-v1_n15_static.npz,15,static,False,brute,,True,False,N=15 exceeds brute-force limit 8,,2.015119511600319,exact,,8.33999365568161e-07,wall clock,,,,,,,,,,,,,,,,,,
n15_static,iridium33_20260402_planecluster-v1_n15_static.npz,15,static,False,sa-qubo,1,False,True,,2.80239531412679,2.015119511600319,exact,39.068442243470294,1.1763514160411432,wall clock,1.0,,2.80239531412679,2.80239531412679,True,5.749355469778132,8.469283723280803,sampled (100000 draws),0.0,,2.4252169044409433e-56,,500,225,2.2166314627603514,,,34079 35628 36080 34486 36490 35051 33884 38474 37565 36493 34487 38022 35848 34071 35806
n15_static,iridium33_20260402_planecluster-v1_n15_static.npz,15,static,False,sa-qubo,2,False,True,,3.39778105539595,2.015119511600319,exact,68.61436931339038,1.1691002500010654,wall clock,1.0,,3.39778105539595,3.39778105539595,True,5.846784377411793,8.469283723280803,sampled (100000 draws),0.0,,2.4252169044409433e-56,,500,225,2.2166314627603514,,,37565 36080 35051 35628 36490 33884 34486 36493 34079 38474 34487 35848 38022 34071 35806
n15_static,iridium33_20260402_planecluster-v1_n15_static.npz,15,static,False,sa-qubo,3,False,True,,3.4018591083050875,2.015119511600319,exact,68.81674207022496,1.170875082956627,wall clock,1.0,,3.4018591083050875,3.4018591083050875,True,5.877490323838257,8.469283723280803,sampled (100000 draws),0.0,,2.4252169044409433e-56,,500,225,2.2166314627603514,,,35806 34071 38022 35848 35628 34079 36080 35051 33884 34486 36490 37565 34487 36493 38474
n15_static,iridium33_20260402_planecluster-v1_n15_static.npz,15,static,False,sa-qubo,4,False,True,,3.351895159984486,2.015119511600319,exact,66.33728871607019,1.1574168339720927,wall clock,1.0,,3.351895159984486,3.351895159984486,True,5.797310717580878,8.469283723280803,sampled (100000 draws),0.0,,2.4252169044409433e-56,,500,225,2.2166314627603514,,,35806 34071 38022 36493 38474 36490 33884 35628 34079 35051 36080 37565 34486 34487 35848
n15_static,iridium33_20260402_planecluster-v1_n15_static.npz,15,static,False,sa-qubo,5,False,True,,3.5270674691854036,2.015119511600319,exact,75.03018798048173,1.1541419579880312,wall clock,1.0,,3.5270674691854036,3.5270674691854036,True,5.828798095006676,8.469283723280803,sampled (100000 draws),0.0,,2.4252169044409433e-56,,500,225,2.2166314627603514,,,34079 35628 36080 33884 36490 37565 35051 36493 38474 34486 34487 34071 35848 38022 35806
n15_static,iridium33_20260402_planecluster-v1_n15_static.npz,15,static,False,qaoa,1,False,False,"N=15 needs 225 qubits, over the qaoa limit of 4 (=16 qubits, 1 MiB statevector)",,2.015119511600319,exact,,6.459013093262911e-06,classical statevector simulation time,,,,,,,,,,,,,,,,,,
n15_static,iridium33_20260402_planecluster-v1_n15_static.npz,15,static,False,qaoa,2,False,False,"N=15 needs 225 qubits, over the qaoa limit of 4 (=16 qubits, 1 MiB statevector)",,2.015119511600319,exact,,2.2909953258931637e-06,classical statevector simulation time,,,,,,,,,,,,,,,,,,
n15_static,iridium33_20260402_planecluster-v1_n15_static.npz,15,static,False,qaoa,3,False,False,"N=15 needs 225 qubits, over the qaoa limit of 4 (=16 qubits, 1 MiB statevector)",,2.015119511600319,exact,,1.9170111045241356e-06,classical statevector simulation time,,,,,,,,,,,,,,,,,,
n15_static,iridium33_20260402_planecluster-v1_n15_static.npz,15,static,False,qaoa,4,False,False,"N=15 needs 225 qubits, over the qaoa limit of 4 (=16 qubits, 1 MiB statevector)",,2.015119511600319,exact,,3.4170225262641907e-06,classical statevector simulation time,,,,,,,,,,,,,,,,,,
n15_static,iridium33_20260402_planecluster-v1_n15_static.npz,15,static,False,qaoa,5,False,False,"N=15 needs 225 qubits, over the qaoa limit of 4 (=16 qubits, 1 MiB statevector)",,2.015119511600319,exact,,3.333028871566057e-06,classical statevector simulation time,,,,,,,,,,,,,,,,,,
n15_static,iridium33_20260402_planecluster-v1_n15_static.npz,15,static,False,ortools,1,False,True,,2.015119511600319,2.015119511600319,exact,0.0,5.000593332981225,"configured time limit, not a measurement",1.0,,,,,,,,,,,,,,,,,34079 36080 35628 33884 34486 36490 35051 37565 38474 36493 34487 35848 38022 34071 35806
n15_static,iridium33_20260402_planecluster-v1_n15_static.npz,15,static,False,ortools,2,False,True,,2.015119511600319,2.015119511600319,exact,0.0,5.000498792040162,"configured time limit, not a measurement",1.0,,,,,,,,,,,,,,,,,34079 36080 35628 33884 34486 36490 35051 37565 38474 36493 34487 35848 38022 34071 35806
n15_static,iridium33_20260402_planecluster-v1_n15_static.npz,15,static,False,ortools,3,False,True,,2.015119511600319,2.015119511600319,exact,0.0,5.000507083022967,"configured time limit, not a measurement",1.0,,,,,,,,,,,,,,,,,34079 36080 35628 33884 34486 36490 35051 37565 38474 36493 34487 35848 38022 34071 35806
n15_static,iridium33_20260402_planecluster-v1_n15_static.npz,15,static,False,ortools,4,False,True,,2.015119511600319,2.015119511600319,exact,0.0,5.0005585420294665,"configured time limit, not a measurement",1.0,,,,,,,,,,,,,,,,,34079 36080 35628 33884 34486 36490 35051 37565 38474 36493 34487 35848 38022 34071 35806
n15_static,iridium33_20260402_planecluster-v1_n15_static.npz,15,static,False,ortools,5,False,True,,2.015119511600319,2.015119511600319,exact,0.0,5.000637207995169,"configured time limit, not a measurement",1.0,,,,,,,,,,,,,,,,,34079 36080 35628 33884 34486 36490 35051 37565 38474 36493 34487 35848 38022 34071 35806
n15_static,iridium33_20260402_planecluster-v1_n15_static.npz,15,static,False,localsearch,1,False,True,,2.0151195116003193,2.015119511600319,exact,2.2037859655151996e-14,0.0017903749831020832,wall clock,,,,,,,,,,,,,,,,,,35806 34071 38022 35848 34487 36493 38474 37565 35051 36490 34486 33884 35628 36080 34079
n15_static,iridium33_20260402_planecluster-v1_n15_static.npz,15,static,False,localsearch,2,False,True,,2.0151195116003193,2.015119511600319,exact,2.2037859655151996e-14,0.0016552499728277326,wall clock,,,,,,,,,,,,,,,,,,35806 34071 38022 35848 34487 36493 38474 37565 35051 36490 34486 33884 35628 36080 34079
n15_static,iridium33_20260402_planecluster-v1_n15_static.npz,15,static,False,localsearch,3,False,True,,2.0151195116003193,2.015119511600319,exact,2.2037859655151996e-14,0.0016552910092286766,wall clock,,,,,,,,,,,,,,,,,,35806 34071 38022 35848 34487 36493 38474 37565 35051 36490 34486 33884 35628 36080 34079
n15_static,iridium33_20260402_planecluster-v1_n15_static.npz,15,static,False,localsearch,4,False,True,,2.0151195116003193,2.015119511600319,exact,2.2037859655151996e-14,0.0016518339980393648,wall clock,,,,,,,,,,,,,,,,,,35806 34071 38022 35848 34487 36493 38474 37565 35051 36490 34486 33884 35628 36080 34079
n15_static,iridium33_20260402_planecluster-v1_n15_static.npz,15,static,False,localsearch,5,False,True,,2.0151195116003193,2.015119511600319,exact,2.2037859655151996e-14,0.0017047920264303684,wall clock,,,,,,,,,,,,,,,,,,35806 34071 38022 35848 34487 36493 38474 37565 35051 36490 34486 33884 35628 36080 34079
n15_static,iridium33_20260402_planecluster-v1_n15_static.npz,15,static,False,sa-perm,1,False,True,,2.015119511600319,2.015119511600319,exact,0.0,1.0044802500051446,wall clock,,,,,,,,,,,,,,,,,,34079 36080 35628 33884 34486 36490 35051 37565 38474 36493 34487 35848 38022 34071 35806
n15_static,iridium33_20260402_planecluster-v1_n15_static.npz,15,static,False,sa-perm,2,False,True,,2.015119511600319,2.015119511600319,exact,0.0,1.0032185830059461,wall clock,,,,,,,,,,,,,,,,,,34079 36080 35628 33884 34486 36490 35051 37565 38474 36493 34487 35848 38022 34071 35806
n15_static,iridium33_20260402_planecluster-v1_n15_static.npz,15,static,False,sa-perm,3,False,True,,2.015119511600319,2.015119511600319,exact,0.0,1.0039961249567568,wall clock,,,,,,,,,,,,,,,,,,34079 36080 35628 33884 34486 36490 35051 37565 38474 36493 34487 35848 38022 34071 35806
n15_static,iridium33_20260402_planecluster-v1_n15_static.npz,15,static,False,sa-perm,4,False,True,,2.015119511600319,2.015119511600319,exact,0.0,1.0057643750333227,wall clock,,,,,,,,,,,,,,,,,,34079 36080 35628 33884 34486 36490 35051 37565 38474 36493 34487 35848 38022 34071 35806
n15_static,iridium33_20260402_planecluster-v1_n15_static.npz,15,static,False,sa-perm,5,False,True,,2.015119511600319,2.015119511600319,exact,0.0,1.0043117079767399,wall clock,,,,,,,,,,,,,,,,,,34079 36080 35628 33884 34486 36490 35051 37565 38474 36493 34487 35848 38022 34071 35806
n15_static,iridium33_20260402_planecluster-v1_n15_static.npz,15,static,False,cpsat,1,False,True,,2.015119511600319,2.015119511600319,exact,0.0,1.196983000030741,configured time limit unless proven_optimal,,,,,,,,,,,,,,3165,,True,,34079 36080 35628 33884 34486 36490 35051 37565 38474 36493 34487 35848 38022 34071 35806
n15_static,iridium33_20260402_planecluster-v1_n15_static.npz,15,static,False,cpsat,2,False,True,,2.015119511600319,2.015119511600319,exact,0.0,1.2334833340137266,configured time limit unless proven_optimal,,,,,,,,,,,,,,3165,,True,,34079 36080 35628 33884 34486 36490 35051 37565 38474 36493 34487 35848 38022 34071 35806
n15_static,iridium33_20260402_planecluster-v1_n15_static.npz,15,static,False,cpsat,3,False,True,,2.015119511600319,2.015119511600319,exact,0.0,1.1948185000219382,configured time limit unless proven_optimal,,,,,,,,,,,,,,3165,,True,,34079 36080 35628 33884 34486 36490 35051 37565 38474 36493 34487 35848 38022 34071 35806
n15_static,iridium33_20260402_planecluster-v1_n15_static.npz,15,static,False,cpsat,4,False,True,,2.015119511600319,2.015119511600319,exact,0.0,0.9030646670144051,configured time limit unless proven_optimal,,,,,,,,,,,,,,3165,,True,,34079 36080 35628 33884 34486 36490 35051 37565 38474 36493 34487 35848 38022 34071 35806
n15_static,iridium33_20260402_planecluster-v1_n15_static.npz,15,static,False,cpsat,5,False,True,,2.015119511600319,2.015119511600319,exact,0.0,1.360641332983505,configured time limit unless proven_optimal,,,,,,,,,,,,,,3165,,True,,34079 36080 35628 33884 34486 36490 35051 37565 38474 36493 34487 35848 38022 34071 35806
n15_td30d,iridium33_20260402_planecluster-v1_n15_td30d.npz,15,td,True,greedy,,True,True,,2.29875477231474,2.185549471053853,exact,5.17971808738331,0.00025645794812589884,wall clock,,,,,,,,,,,,,,,,,,34079 35628 33884 34486 36490 36080 35051 36493 37565 38474 35848 34487 38022 35806 34071
n15_td30d,iridium33_20260402_planecluster-v1_n15_td30d.npz,15,td,True,exact,,True,True,,2.185549471053853,2.185549471053853,exact,0.0,0.21699795901076868,wall clock,,,,,,,,,,,,,,,,,,34079 33884 34486 35628 36490 36080 35051 36493 37565 35848 38474 34487 38022 35806 34071
n15_td30d,iridium33_20260402_planecluster-v1_n15_td30d.npz,15,td,True,brute,,True,False,N=15 exceeds brute-force limit 8,,2.185549471053853,exact,,8.330098353326321e-07,wall clock,,,,,,,,,,,,,,,,,,
n15_td30d,iridium33_20260402_planecluster-v1_n15_td30d.npz,15,td,True,sa-qubo,1,False,True,,2.9281011037552283,2.185549471053853,exact,33.975512452862624,1.1608632909483276,wall clock,1.0,,2.9281011037552283,2.9281011037552283,True,7.150223775800606,12.185974183742397,sampled (100000 draws),0.0,,2.4252169044409433e-56,,500,225,2.528630249546214,,,35051 36490 35628 34079 34486 33884 36493 36080 37565 35848 38474 34487 38022 35806 34071
n15_td30d,iridium33_20260402_planecluster-v1_n15_td30d.npz,15,td,True,sa-qubo,2,False,True,,3.593294361807562,2.185549471053853,exact,64.41148596260811,1.165447125036735,wall clock,1.0,,3.593294361807562,3.593294361807562,True,7.182778111075843,12.185974183742397,sampled (100000 draws),0.0,,2.4252169044409433e-56,,500,225,2.528630249546214,,,34079 34486 33884 36490 35628 36493 35051 35848 37565 38474 36080 34071 35806 34487 38022
n15_td30d,iridium33_20260402_planecluster-v1_n15_td30d.npz,15,td,True,sa-qubo,3,False,True,,3.1476996506774535,2.185549471053853,exact,44.02326245031917,1.1491705829976127,wall clock,1.0,,3.1476996506774535,3.1476996506774535,True,7.010137245306863,12.185974183742397,sampled (100000 draws),0.0,,2.4252169044409433e-56,,500,225,2.528630249546214,,,34079 35051 34486 33884 36490 35628 38474 35848 37565 36493 36080 34487 38022 35806 34071
n15_td30d,iridium33_20260402_planecluster-v1_n15_td30d.npz,15,td,True,sa-qubo,4,False,True,,3.313477559217945,2.185549471053853,exact,51.60844460867842,1.1283422079868615,wall clock,1.0,,3.313477559217945,3.313477559217945,True,7.194077846720251,12.185974183742397,sampled (100000 draws),0.0,,2.4252169044409433e-56,,500,225,2.528630249546214,,,36490 34486 33884 34079 35628 35051 37565 36493 35848 36080 38474 38022 34487 35806 34071
n15_td30d,iridium33_20260402_planecluster-v1_n15_td30d.npz,15,td,True,sa-qubo,5,False,True,,3.1031840092443215,2.185549471053853,exact,41.98644552978216,1.1353857920039445,wall clock,1.0,,3.1031840092443215,3.1031840092443215,True,7.203947905808765,12.185974183742397,sampled (100000 draws),0.0,,2.4252169044409433e-56,,500,225,2.528630249546214,,,34486 34079 35628 33884 36490 37565 38474 36080 36493 35051 35848 38022 34487 34071 35806
n15_td30d,iridium33_20260402_planecluster-v1_n15_td30d.npz,15,td,True,qaoa,1,False,False,"N=15 needs 225 qubits, over the qaoa limit of 4 (=16 qubits, 1 MiB statevector)",,2.185549471053853,exact,,6.458023563027382e-06,classical statevector simulation time,,,,,,,,,,,,,,,,,,
n15_td30d,iridium33_20260402_planecluster-v1_n15_td30d.npz,15,td,True,qaoa,2,False,False,"N=15 needs 225 qubits, over the qaoa limit of 4 (=16 qubits, 1 MiB statevector)",,2.185549471053853,exact,,4.250032361596823e-06,classical statevector simulation time,,,,,,,,,,,,,,,,,,
n15_td30d,iridium33_20260402_planecluster-v1_n15_td30d.npz,15,td,True,qaoa,3,False,False,"N=15 needs 225 qubits, over the qaoa limit of 4 (=16 qubits, 1 MiB statevector)",,2.185549471053853,exact,,3.708992153406143e-06,classical statevector simulation time,,,,,,,,,,,,,,,,,,
n15_td30d,iridium33_20260402_planecluster-v1_n15_td30d.npz,15,td,True,qaoa,4,False,False,"N=15 needs 225 qubits, over the qaoa limit of 4 (=16 qubits, 1 MiB statevector)",,2.185549471053853,exact,,2.166023477911949e-06,classical statevector simulation time,,,,,,,,,,,,,,,,,,
n15_td30d,iridium33_20260402_planecluster-v1_n15_td30d.npz,15,td,True,qaoa,5,False,False,"N=15 needs 225 qubits, over the qaoa limit of 4 (=16 qubits, 1 MiB statevector)",,2.185549471053853,exact,,1.9579892978072166e-06,classical statevector simulation time,,,,,,,,,,,,,,,,,,
n15_td30d,iridium33_20260402_planecluster-v1_n15_td30d.npz,15,td,True,ortools,1,False,False,"instance has time-slotted costs C[t,i,j]; a routing arc-cost callback sees only (from, to) and cannot express position-dependent legs",,2.185549471053853,exact,,7.500057108700275e-07,"configured time limit, not a measurement",,,,,,,,,,,,,,,,,,
n15_td30d,iridium33_20260402_planecluster-v1_n15_td30d.npz,15,td,True,ortools,2,False,False,"instance has time-slotted costs C[t,i,j]; a routing arc-cost callback sees only (from, to) and cannot express position-dependent legs",,2.185549471053853,exact,,6.67001586407423e-07,"configured time limit, not a measurement",,,,,,,,,,,,,,,,,,
n15_td30d,iridium33_20260402_planecluster-v1_n15_td30d.npz,15,td,True,ortools,3,False,False,"instance has time-slotted costs C[t,i,j]; a routing arc-cost callback sees only (from, to) and cannot express position-dependent legs",,2.185549471053853,exact,,1.04197533801198e-06,"configured time limit, not a measurement",,,,,,,,,,,,,,,,,,
n15_td30d,iridium33_20260402_planecluster-v1_n15_td30d.npz,15,td,True,ortools,4,False,False,"instance has time-slotted costs C[t,i,j]; a routing arc-cost callback sees only (from, to) and cannot express position-dependent legs",,2.185549471053853,exact,,4.1601015254855156e-07,"configured time limit, not a measurement",,,,,,,,,,,,,,,,,,
n15_td30d,iridium33_20260402_planecluster-v1_n15_td30d.npz,15,td,True,ortools,5,False,False,"instance has time-slotted costs C[t,i,j]; a routing arc-cost callback sees only (from, to) and cannot express position-dependent legs",,2.185549471053853,exact,,3.7497375160455704e-07,"configured time limit, not a measurement",,,,,,,,,,,,,,,,,,
n15_td30d,iridium33_20260402_planecluster-v1_n15_td30d.npz,15,td,True,localsearch,1,False,True,,2.1855494710538537,2.185549471053853,exact,2.0319339174506383e-14,0.005324375000782311,wall clock,,,,,,,,,,,,,,,,,,34079 33884 34486 35628 36490 36080 35051 36493 37565 35848 38474 34487 38022 35806 34071
n15_td30d,iridium33_20260402_planecluster-v1_n15_td30d.npz,15,td,True,localsearch,2,False,True,,2.1855494710538537,2.185549471053853,exact,2.0319339174506383e-14,0.0054054579813964665,wall clock,,,,,,,,,,,,,,,,,,34079 33884 34486 35628 36490 36080 35051 36493 37565 35848 38474 34487 38022 35806 34071
n15_td30d,iridium33_20260402_planecluster-v1_n15_td30d.npz,15,td,True,localsearch,3,False,True,,2.1855494710538537,2.185549471053853,exact,2.0319339174506383e-14,0.005587999999988824,wall clock,,,,,,,,,,,,,,,,,,34079 33884 34486 35628 36490 36080 35051 36493 37565 35848 38474 34487 38022 35806 34071
n15_td30d,iridium33_20260402_planecluster-v1_n15_td30d.npz,15,td,True,localsearch,4,False,True,,2.1855494710538537,2.185549471053853,exact,2.0319339174506383e-14,0.005364291020669043,wall clock,,,,,,,,,,,,,,,,,,34079 33884 34486 35628 36490 36080 35051 36493 37565 35848 38474 34487 38022 35806 34071
n15_td30d,iridium33_20260402_planecluster-v1_n15_td30d.npz,15,td,True,localsearch,5,False,True,,2.1855494710538537,2.185549471053853,exact,2.0319339174506383e-14,0.005330874992068857,wall clock,,,,,,,,,,,,,,,,,,34079 33884 34486 35628 36490 36080 35051 36493 37565 35848 38474 34487 38022 35806 34071
n15_td30d,iridium33_20260402_planecluster-v1_n15_td30d.npz,15,td,True,sa-perm,1,False,True,,2.1855494710538537,2.185549471053853,exact,2.0319339174506383e-14,1.003466958005447,wall clock,,,,,,,,,,,,,,,,,,34079 33884 34486 35628 36490 36080 35051 36493 37565 35848 38474 34487 38022 35806 34071
n15_td30d,iridium33_20260402_planecluster-v1_n15_td30d.npz,15,td,True,sa-perm,2,False,True,,2.1855494710538537,2.185549471053853,exact,2.0319339174506383e-14,1.003504999971483,wall clock,,,,,,,,,,,,,,,,,,34079 33884 34486 35628 36490 36080 35051 36493 37565 35848 38474 34487 38022 35806 34071
n15_td30d,iridium33_20260402_planecluster-v1_n15_td30d.npz,15,td,True,sa-perm,3,False,True,,2.1855494710538537,2.185549471053853,exact,2.0319339174506383e-14,1.003871708002407,wall clock,,,,,,,,,,,,,,,,,,34079 33884 34486 35628 36490 36080 35051 36493 37565 35848 38474 34487 38022 35806 34071
n15_td30d,iridium33_20260402_planecluster-v1_n15_td30d.npz,15,td,True,sa-perm,4,False,True,,2.1855494710538537,2.185549471053853,exact,2.0319339174506383e-14,1.004045582958497,wall clock,,,,,,,,,,,,,,,,,,34079 33884 34486 35628 36490 36080 35051 36493 37565 35848 38474 34487 38022 35806 34071
n15_td30d,iridium33_20260402_planecluster-v1_n15_td30d.npz,15,td,True,sa-perm,5,False,True,,2.1855494710538537,2.185549471053853,exact,2.0319339174506383e-14,1.0032919159857556,wall clock,,,,,,,,,,,,,,,,,,34079 33884 34486 35628 36490 36080 35051 36493 37565 35848 38474 34487 38022 35806 34071
n15_td30d,iridium33_20260402_planecluster-v1_n15_td30d.npz,15,td,True,cpsat,1,False,True,,2.185549471053853,2.185549471053853,exact,0.0,2.051629082998261,configured time limit unless proven_optimal,,,,,,,,,,,,,,3165,,True,,34079 33884 34486 35628 36490 36080 35051 36493 37565 35848 38474 34487 38022 35806 34071
n15_td30d,iridium33_20260402_planecluster-v1_n15_td30d.npz,15,td,True,cpsat,2,False,True,,2.185549471053853,2.185549471053853,exact,0.0,2.1155518339946866,configured time limit unless proven_optimal,,,,,,,,,,,,,,3165,,True,,34079 33884 34486 35628 36490 36080 35051 36493 37565 35848 38474 34487 38022 35806 34071
n15_td30d,iridium33_20260402_planecluster-v1_n15_td30d.npz,15,td,True,cpsat,3,False,True,,2.185549471053853,2.185549471053853,exact,0.0,2.493899416993372,configured time limit unless proven_optimal,,,,,,,,,,,,,,3165,,True,,34079 33884 34486 35628 36490 36080 35051 36493 37565 35848 38474 34487 38022 35806 34071
n15_td30d,iridium33_20260402_planecluster-v1_n15_td30d.npz,15,td,True,cpsat,4,False,True,,2.185549471053853,2.185549471053853,exact,0.0,2.3030558329774067,configured time limit unless proven_optimal,,,,,,,,,,,,,,3165,,True,,34079 33884 34486 35628 36490 36080 35051 36493 37565 35848 38474 34487 38022 35806 34071
n15_td30d,iridium33_20260402_planecluster-v1_n15_td30d.npz,15,td,True,cpsat,5,False,True,,2.185549471053853,2.185549471053853,exact,0.0,1.7095949579961598,configured time limit unless proven_optimal,,,,,,,,,,,,,,3165,,True,,34079 33884 34486 35628 36490 36080 35051 36493 37565 35848 38474 34487 38022 35806 34071
n20_static,iridium33_20260402_planecluster-v1_n20_static.npz,20,static,False,greedy,,True,True,,2.448544871707693,2.4485448717076927,best-known,1.813686222300434e-14,0.00047437497414648533,wall clock,,,,,,,,,,,,,,,,,,35052 35680 35806 34071 38022 35848 34487 36493 38474 37565 35051 36490 34486 33884 35628 36080 34079 34538 34926 34376
n20_static,iridium33_20260402_planecluster-v1_n20_static.npz,20,static,False,exact,,True,False,N=20 exceeds held-karp limit 18,,2.4485448717076927,best-known,,3.6659766919910908e-06,wall clock,,,,,,,,,,,,,,,,,,
n20_static,iridium33_20260402_planecluster-v1_n20_static.npz,20,static,False,brute,,True,False,N=20 exceeds brute-force limit 8,,2.4485448717076927,best-known,,5.00003807246685e-07,wall clock,,,,,,,,,,,,,,,,,,
n20_static,iridium33_20260402_planecluster-v1_n20_static.npz,20,static,False,sa-qubo,1,False,True,,5.567369869555904,2.4485448717076927,best-known,127.37463110786464,2.416655874985736,wall clock,1.0,,5.567369869555904,5.567369869555904,True,9.368791773801163,15.04715756477891,sampled (100000 draws),0.0,,9.421636646485526e-103,,500,400,2.693399358878463,,,35052 35680 35806 35848 34071 38022 34487 34486 35628 34079 34376 36493 35051 36080 36490 34538 34926 33884 38474 37565
n20_static,iridium33_20260402_planecluster-v1_n20_static.npz,20,static,False,sa-qubo,2,False,True,,5.095437177882723,2.4485448717076927,best-known,108.10062485516158,2.3894528329838067,wall clock,1.0,,5.095437177882723,5.095437177882723,True,9.264507896832447,15.04715756477891,sampled (100000 draws),0.0,,9.421636646485526e-103,,500,400,2.693399358878463,,,34486 36490 35628 35051 38474 37565 35848 34487 38022 35806 35052 35680 34071 36493 34079 34538 34926 34376 33884 36080
n20_static,iridium33_20260402_planecluster-v1_n20_static.npz,20,static,False,sa-qubo,3,False,True,,5.19796777177943,2.4485448717076927,best-known,112.28803408263465,2.358267415955197,wall clock,1.0,,5.19796777177943,5.19796777177943,True,9.379843036573977,15.04715756477891,sampled (100000 draws),0.0,,9.421636646485526e-103,,500,400,2.693399358878463,,,36490 35051 37565 38474 33884 34486 38022 35806 35680 35052 34071 35848 34487 36493 34538 36080 35628 34079 34926 34376
n20_static,iridium33_20260402_planecluster-v1_n20_static.npz,20,static,False,sa-qubo,4,False,True,,5.628660087291031,2.4485448717076927,best-known,129.87775933080718,2.3419877080013976,wall clock,1.0,,5.628660087291031,5.628660087291031,True,9.274322940953102,15.04715756477891,sampled (100000 draws),0.0,,9.421636646485526e-103,,500,400,2.693399358878463,,,38474 36080 36493 34926 34376 34079 33884 36490 37565 35051 34538 35628 34486 34487 35052 35680 35806 34071 38022 35848
n20_static,iridium33_20260402_planecluster-v1_n20_static.npz,20,static,False,sa-qubo,5,False,True,,5.571530759854686,2.4485448717076927,best-known,127.54456429336022,2.3887410839670338,wall clock,1.0,,5.571530759854686,5.571530759854686,True,9.304970024437516,15.04715756477891,sampled (100000 draws),0.0,,9.421636646485526e-103,,500,400,2.693399358878463,,,34487 34071 35052 35806 35680 38022 35051 36080 38474 34079 34376 34538 34926 35628 33884 36490 37565 34486 36493 35848
n20_static,iridium33_20260402_planecluster-v1_n20_static.npz,20,static,False,qaoa,1,False,False,"N=20 needs 400 qubits, over the qaoa limit of 4 (=16 qubits, 1 MiB statevector)",,2.4485448717076927,best-known,,6.832997314631939e-06,classical statevector simulation time,,,,,,,,,,,,,,,,,,
n20_static,iridium33_20260402_planecluster-v1_n20_static.npz,20,static,False,qaoa,2,False,False,"N=20 needs 400 qubits, over the qaoa limit of 4 (=16 qubits, 1 MiB statevector)",,2.4485448717076927,best-known,,4.04199818149209e-06,classical statevector simulation time,,,,,,,,,,,,,,,,,,
n20_static,iridium33_20260402_planecluster-v1_n20_static.npz,20,static,False,qaoa,3,False,False,"N=20 needs 400 qubits, over the qaoa limit of 4 (=16 qubits, 1 MiB statevector)",,2.4485448717076927,best-known,,3.374996595084667e-06,classical statevector simulation time,,,,,,,,,,,,,,,,,,
n20_static,iridium33_20260402_planecluster-v1_n20_static.npz,20,static,False,qaoa,4,False,False,"N=20 needs 400 qubits, over the qaoa limit of 4 (=16 qubits, 1 MiB statevector)",,2.4485448717076927,best-known,,2.541986759752035e-06,classical statevector simulation time,,,,,,,,,,,,,,,,,,
n20_static,iridium33_20260402_planecluster-v1_n20_static.npz,20,static,False,qaoa,5,False,False,"N=20 needs 400 qubits, over the qaoa limit of 4 (=16 qubits, 1 MiB statevector)",,2.4485448717076927,best-known,,2.1249870769679546e-06,classical statevector simulation time,,,,,,,,,,,,,,,,,,
n20_static,iridium33_20260402_planecluster-v1_n20_static.npz,20,static,False,ortools,1,False,True,,2.4485448717076927,2.4485448717076927,best-known,0.0,5.000700749980751,"configured time limit, not a measurement",1.0,,,,,,,,,,,,,,,,,34376 34926 34538 34079 36080 35628 33884 34486 36490 35051 37565 38474 36493 34487 35848 38022 34071 35806 35680 35052
n20_static,iridium33_20260402_planecluster-v1_n20_static.npz,20,static,False,ortools,2,False,True,,2.4485448717076927,2.4485448717076927,best-known,0.0,5.000573583994992,"configured time limit, not a measurement",1.0,,,,,,,,,,,,,,,,,34376 34926 34538 34079 36080 35628 33884 34486 36490 35051 37565 38474 36493 34487 35848 38022 34071 35806 35680 35052
n20_static,iridium33_20260402_planecluster-v1_n20_static.npz,20,static,False,ortools,3,False,True,,2.4485448717076927,2.4485448717076927,best-known,0.0,5.000646249973215,"configured time limit, not a measurement",1.0,,,,,,,,,,,,,,,,,34376 34926 34538 34079 36080 35628 33884 34486 36490 35051 37565 38474 36493 34487 35848 38022 34071 35806 35680 35052
n20_static,iridium33_20260402_planecluster-v1_n20_static.npz,20,static,False,ortools,4,False,True,,2.4485448717076927,2.4485448717076927,best-known,0.0,5.000532292004209,"configured time limit, not a measurement",1.0,,,,,,,,,,,,,,,,,34376 34926 34538 34079 36080 35628 33884 34486 36490 35051 37565 38474 36493 34487 35848 38022 34071 35806 35680 35052
n20_static,iridium33_20260402_planecluster-v1_n20_static.npz,20,static,False,ortools,5,False,True,,2.4485448717076927,2.4485448717076927,best-known,0.0,5.000534208025783,"configured time limit, not a measurement",1.0,,,,,,,,,,,,,,,,,34376 34926 34538 34079 36080 35628 33884 34486 36490 35051 37565 38474 36493 34487 35848 38022 34071 35806 35680 35052
n20_static,iridium33_20260402_planecluster-v1_n20_static.npz,20,static,False,localsearch,1,False,True,,2.448544871707693,2.4485448717076927,best-known,1.813686222300434e-14,0.0033495420357212424,wall clock,,,,,,,,,,,,,,,,,,35052 35680 35806 34071 38022 35848 34487 36493 38474 37565 35051 36490 34486 33884 35628 36080 34079 34538 34926 34376
n20_static,iridium33_20260402_planecluster-v1_n20_static.npz,20,static,False,localsearch,2,False,True,,2.448544871707693,2.4485448717076927,best-known,1.813686222300434e-14,0.0032774159917607903,wall clock,,,,,,,,,,,,,,,,,,35052 35680 35806 34071 38022 35848 34487 36493 38474 37565 35051 36490 34486 33884 35628 36080 34079 34538 34926 34376
n20_static,iridium33_20260402_planecluster-v1_n20_static.npz,20,static,False,localsearch,3,False,True,,2.448544871707693,2.4485448717076927,best-known,1.813686222300434e-14,0.0031445829663425684,wall clock,,,,,,,,,,,,,,,,,,35052 35680 35806 34071 38022 35848 34487 36493 38474 37565 35051 36490 34486 33884 35628 36080 34079 34538 34926 34376
n20_static,iridium33_20260402_planecluster-v1_n20_static.npz,20,static,False,localsearch,4,False,True,,2.448544871707693,2.4485448717076927,best-known,1.813686222300434e-14,0.003256833995692432,wall clock,,,,,,,,,,,,,,,,,,35052 35680 35806 34071 38022 35848 34487 36493 38474 37565 35051 36490 34486 33884 35628 36080 34079 34538 34926 34376
n20_static,iridium33_20260402_planecluster-v1_n20_static.npz,20,static,False,localsearch,5,False,True,,2.448544871707693,2.4485448717076927,best-known,1.813686222300434e-14,0.00322420900920406,wall clock,,,,,,,,,,,,,,,,,,35052 35680 35806 34071 38022 35848 34487 36493 38474 37565 35051 36490 34486 33884 35628 36080 34079 34538 34926 34376
n20_static,iridium33_20260402_planecluster-v1_n20_static.npz,20,static,False,sa-perm,1,False,True,,2.4485448717076927,2.4485448717076927,best-known,0.0,1.0033965830225497,wall clock,,,,,,,,,,,,,,,,,,34376 34926 34538 34079 36080 35628 33884 34486 36490 35051 37565 38474 36493 34487 35848 38022 34071 35806 35680 35052
n20_static,iridium33_20260402_planecluster-v1_n20_static.npz,20,static,False,sa-perm,2,False,True,,2.4485448717076927,2.4485448717076927,best-known,0.0,1.0030034580267966,wall clock,,,,,,,,,,,,,,,,,,34376 34926 34538 34079 36080 35628 33884 34486 36490 35051 37565 38474 36493 34487 35848 38022 34071 35806 35680 35052
n20_static,iridium33_20260402_planecluster-v1_n20_static.npz,20,static,False,sa-perm,3,False,True,,2.4485448717076927,2.4485448717076927,best-known,0.0,1.0051437499932945,wall clock,,,,,,,,,,,,,,,,,,34376 34926 34538 34079 36080 35628 33884 34486 36490 35051 37565 38474 36493 34487 35848 38022 34071 35806 35680 35052
n20_static,iridium33_20260402_planecluster-v1_n20_static.npz,20,static,False,sa-perm,4,False,True,,2.4485448717076927,2.4485448717076927,best-known,0.0,1.0040501249604858,wall clock,,,,,,,,,,,,,,,,,,34376 34926 34538 34079 36080 35628 33884 34486 36490 35051 37565 38474 36493 34487 35848 38022 34071 35806 35680 35052
n20_static,iridium33_20260402_planecluster-v1_n20_static.npz,20,static,False,sa-perm,5,False,True,,2.4485448717076927,2.4485448717076927,best-known,0.0,1.0052702499669977,wall clock,,,,,,,,,,,,,,,,,,34376 34926 34538 34079 36080 35628 33884 34486 36490 35051 37565 38474 36493 34487 35848 38022 34071 35806 35680 35052
n20_static,iridium33_20260402_planecluster-v1_n20_static.npz,20,static,False,cpsat,1,False,True,,2.4485448717076927,2.4485448717076927,best-known,0.0,10.012824249977712,configured time limit unless proven_optimal,,,,,,,,,,,,,,7620,,True,,34376 34926 34538 34079 36080 35628 33884 34486 36490 35051 37565 38474 36493 34487 35848 38022 34071 35806 35680 35052
n20_static,iridium33_20260402_planecluster-v1_n20_static.npz,20,static,False,cpsat,2,False,True,,2.4485448717076927,2.4485448717076927,best-known,0.0,7.5614357920130715,configured time limit unless proven_optimal,,,,,,,,,,,,,,7620,,True,,34376 34926 34538 34079 36080 35628 33884 34486 36490 35051 37565 38474 36493 34487 35848 38022 34071 35806 35680 35052
n20_static,iridium33_20260402_planecluster-v1_n20_static.npz,20,static,False,cpsat,3,False,True,,2.4485448717076927,2.4485448717076927,best-known,0.0,8.58310829201946,configured time limit unless proven_optimal,,,,,,,,,,,,,,7620,,True,,34376 34926 34538 34079 36080 35628 33884 34486 36490 35051 37565 38474 36493 34487 35848 38022 34071 35806 35680 35052
n20_static,iridium33_20260402_planecluster-v1_n20_static.npz,20,static,False,cpsat,4,False,True,,2.4485448717076927,2.4485448717076927,best-known,0.0,9.5201690410031,configured time limit unless proven_optimal,,,,,,,,,,,,,,7620,,True,,34376 34926 34538 34079 36080 35628 33884 34486 36490 35051 37565 38474 36493 34487 35848 38022 34071 35806 35680 35052
n20_static,iridium33_20260402_planecluster-v1_n20_static.npz,20,static,False,cpsat,5,False,True,,2.4485448717076927,2.4485448717076927,best-known,0.0,12.139045624993742,configured time limit unless proven_optimal,,,,,,,,,,,,,,7620,,True,,34376 34926 34538 34079 36080 35628 33884 34486 36490 35051 37565 38474 36493 34487 35848 38022 34071 35806 35680 35052
n20_td30d,iridium33_20260402_planecluster-v1_n20_td30d.npz,20,td,True,greedy,,True,True,,3.6722948765544605,3.6722948765544605,best-known,0.0,0.0006603340152651072,wall clock,,,,,,,,,,,,,,,,,,34926 34376 34538 34079 34486 33884 36490 35628 36080 36493 35051 35848 37565 38474 38022 34487 35680 35806 34071 35052
n20_td30d,iridium33_20260402_planecluster-v1_n20_td30d.npz,20,td,True,exact,,True,False,N=20 exceeds held-karp limit 18,,3.6722948765544605,best-known,,1.374981366097927e-06,wall clock,,,,,,,,,,,,,,,,,,
n20_td30d,iridium33_20260402_planecluster-v1_n20_td30d.npz,20,td,True,brute,,True,False,N=20 exceeds brute-force limit 8,,3.6722948765544605,best-known,,6.67001586407423e-07,wall clock,,,,,,,,,,,,,,,,,,
n20_td30d,iridium33_20260402_planecluster-v1_n20_td30d.npz,20,td,True,sa-qubo,1,False,True,,7.262855198553735,3.6722948765544605,best-known,97.77429217144258,2.3377284590387717,wall clock,1.0,,7.262855198553735,7.262855198553735,True,14.324717423946417,23.160547098546374,sampled (100000 draws),0.0,,9.421636646485526e-103,,500,400,4.039524364209907,,,35806 35052 34071 35848 38474 35628 36490 34079 34926 34486 34376 34538 33884 36493 36080 35051 37565 34487 38022 35680
n20_td30d,iridium33_20260402_planecluster-v1_n20_td30d.npz,20,td,True,sa-qubo,2,False,True,,7.801631091412078,3.6722948765544605,best-known,112.44566010265433,2.279796167043969,wall clock,1.0,,7.801631091412078,7.801631091412078,True,14.460843048550993,23.160547098546374,sampled (100000 draws),0.0,,9.421636646485526e-103,,500,400,4.039524364209907,,,35680 35052 34486 33884 34376 34926 36490 34538 34079 35628 36493 37565 38474 35051 35848 36080 35806 34071 34487 38022
n20_td30d,iridium33_20260402_planecluster-v1_n20_td30d.npz,20,td,True,sa-qubo,3,False,True,,8.108425930674024,3.6722948765544605,best-known,120.79996850039925,2.286898791033309,wall clock,1.0,,8.108425930674024,8.108425930674024,True,14.485055580691641,23.160547098546374,sampled (100000 draws),0.0,,9.421636646485526e-103,,500,400,4.039524364209907,,,34487 36080 34538 34926 34079 34376 34486 33884 35628 38474 37565 35051 35848 36493 36490 35680 38022 35806 34071 35052
n20_td30d,iridium33_20260402_planecluster-v1_n20_td30d.npz,20,td,True,sa-qubo,4,False,True,,7.8546513113013905,3.6722948765544605,best-known,113.8894499308573,2.3002427499741316,wall clock,1.0,,7.8546513113013905,7.8546513113013905,True,14.506801479107613,23.160547098546374,sampled (100000 draws),0.0,,9.421636646485526e-103,,500,400,4.039524364209907,,,35052 38022 35628 35051 36490 34538 34926 34376 34079 34486 33884 36493 36080 35848 38474 35680 34071 35806 34487 37565
n20_td30d,iridium33_20260402_planecluster-v1_n20_td30d.npz,20,td,True,sa-qubo,5,False,True,,7.195953666466245,3.6722948765544605,best-known,95.95250132031515,2.302955999970436,wall clock,1.0,,7.195953666466245,7.195953666466245,True,14.2275503901853,23.160547098546374,sampled (100000 draws),0.0,,9.421636646485526e-103,,500,400,4.039524364209907,,,34926 34079 34486 36490 33884 34538 35051 36493 37565 35848 34487 35806 35052 34071 35680 38022 38474 36080 35628 34376
n20_td30d,iridium33_20260402_planecluster-v1_n20_td30d.npz,20,td,True,qaoa,1,False,False,"N=20 needs 400 qubits, over the qaoa limit of 4 (=16 qubits, 1 MiB statevector)",,3.6722948765544605,best-known,,6.125017534941435e-06,classical statevector simulation time,,,,,,,,,,,,,,,,,,
n20_td30d,iridium33_20260402_planecluster-v1_n20_td30d.npz,20,td,True,qaoa,2,False,False,"N=20 needs 400 qubits, over the qaoa limit of 4 (=16 qubits, 1 MiB statevector)",,3.6722948765544605,best-known,,6.582995411008596e-06,classical statevector simulation time,,,,,,,,,,,,,,,,,,
n20_td30d,iridium33_20260402_planecluster-v1_n20_td30d.npz,20,td,True,qaoa,3,False,False,"N=20 needs 400 qubits, over the qaoa limit of 4 (=16 qubits, 1 MiB statevector)",,3.6722948765544605,best-known,,3.04199056699872e-06,classical statevector simulation time,,,,,,,,,,,,,,,,,,
n20_td30d,iridium33_20260402_planecluster-v1_n20_td30d.npz,20,td,True,qaoa,4,False,False,"N=20 needs 400 qubits, over the qaoa limit of 4 (=16 qubits, 1 MiB statevector)",,3.6722948765544605,best-known,,2.207991201430559e-06,classical statevector simulation time,,,,,,,,,,,,,,,,,,
n20_td30d,iridium33_20260402_planecluster-v1_n20_td30d.npz,20,td,True,qaoa,5,False,False,"N=20 needs 400 qubits, over the qaoa limit of 4 (=16 qubits, 1 MiB statevector)",,3.6722948765544605,best-known,,1.8749851733446121e-06,classical statevector simulation time,,,,,,,,,,,,,,,,,,
n20_td30d,iridium33_20260402_planecluster-v1_n20_td30d.npz,20,td,True,ortools,1,False,False,"instance has time-slotted costs C[t,i,j]; a routing arc-cost callback sees only (from, to) and cannot express position-dependent legs",,3.6722948765544605,best-known,,3.4160329960286617e-06,"configured time limit, not a measurement",,,,,,,,,,,,,,,,,,
n20_td30d,iridium33_20260402_planecluster-v1_n20_td30d.npz,20,td,True,ortools,2,False,False,"instance has time-slotted costs C[t,i,j]; a routing arc-cost callback sees only (from, to) and cannot express position-dependent legs",,3.6722948765544605,best-known,,7.910421118140221e-07,"configured time limit, not a measurement",,,,,,,,,,,,,,,,,,
n20_td30d,iridium33_20260402_planecluster-v1_n20_td30d.npz,20,td,True,ortools,3,False,False,"instance has time-slotted costs C[t,i,j]; a routing arc-cost callback sees only (from, to) and cannot express position-dependent legs",,3.6722948765544605,best-known,,5.00003807246685e-07,"configured time limit, not a measurement",,,,,,,,,,,,,,,,,,
n20_td30d,iridium33_20260402_planecluster-v1_n20_td30d.npz,20,td,True,ortools,4,False,False,"instance has time-slotted costs C[t,i,j]; a routing arc-cost callback sees only (from, to) and cannot express position-dependent legs",,3.6722948765544605,best-known,,7.080379873514175e-07,"configured time limit, not a measurement",,,,,,,,,,,,,,,,,,
n20_td30d,iridium33_20260402_planecluster-v1_n20_td30d.npz,20,td,True,ortools,5,False,False,"instance has time-slotted costs C[t,i,j]; a routing arc-cost callback sees only (from, to) and cannot express position-dependent legs",,3.6722948765544605,best-known,,4.5797787606716156e-07,"configured time limit, not a measurement",,,,,,,,,,,,,,,,,,
n20_td30d,iridium33_20260402_planecluster-v1_n20_td30d.npz,20,td,True,localsearch,1,False,True,,3.6722948765544605,3.6722948765544605,best-known,0.0,0.0036827080184593797,wall clock,,,,,,,,,,,,,,,,,,34926 34376 34538 34079 34486 33884 36490 35628 36080 36493 35051 35848 37565 38474 38022 34487 35680 35806 34071 35052
n20_td30d,iridium33_20260402_planecluster-v1_n20_td30d.npz,20,td,True,localsearch,2,False,True,,3.6722948765544605,3.6722948765544605,best-known,0.0,0.003723125031683594,wall clock,,,,,,,,,,,,,,,,,,34926 34376 34538 34079 34486 33884 36490 35628 36080 36493 35051 35848 37565 38474 38022 34487 35680 35806 34071 35052
n20_td30d,iridium33_20260402_planecluster-v1_n20_td30d.npz,20,td,True,localsearch,3,False,True,,3.6722948765544605,3.6722948765544605,best-known,0.0,0.003711041994392872,wall clock,,,,,,,,,,,,,,,,,,34926 34376 34538 34079 34486 33884 36490 35628 36080 36493 35051 35848 37565 38474 38022 34487 35680 35806 34071 35052
n20_td30d,iridium33_20260402_planecluster-v1_n20_td30d.npz,20,td,True,localsearch,4,False,True,,3.6722948765544605,3.6722948765544605,best-known,0.0,0.0036103749880567193,wall clock,,,,,,,,,,,,,,,,,,34926 34376 34538 34079 34486 33884 36490 35628 36080 36493 35051 35848 37565 38474 38022 34487 35680 35806 34071 35052
n20_td30d,iridium33_20260402_planecluster-v1_n20_td30d.npz,20,td,True,localsearch,5,False,True,,3.6722948765544605,3.6722948765544605,best-known,0.0,0.0037349999765865505,wall clock,,,,,,,,,,,,,,,,,,34926 34376 34538 34079 34486 33884 36490 35628 36080 36493 35051 35848 37565 38474 38022 34487 35680 35806 34071 35052
n20_td30d,iridium33_20260402_planecluster-v1_n20_td30d.npz,20,td,True,sa-perm,1,False,True,,3.6722948765544605,3.6722948765544605,best-known,0.0,1.003548666019924,wall clock,,,,,,,,,,,,,,,,,,34926 34376 34538 34079 34486 33884 36490 35628 36080 36493 35051 35848 37565 38474 38022 34487 35680 35806 34071 35052
n20_td30d,iridium33_20260402_planecluster-v1_n20_td30d.npz,20,td,True,sa-perm,2,False,True,,3.6722948765544605,3.6722948765544605,best-known,0.0,1.0043883749749511,wall clock,,,,,,,,,,,,,,,,,,34926 34376 34538 34079 34486 33884 36490 35628 36080 36493 35051 35848 37565 38474 38022 34487 35680 35806 34071 35052
n20_td30d,iridium33_20260402_planecluster-v1_n20_td30d.npz,20,td,True,sa-perm,3,False,True,,3.6722948765544605,3.6722948765544605,best-known,0.0,1.0050833330024034,wall clock,,,,,,,,,,,,,,,,,,34926 34376 34538 34079 34486 33884 36490 35628 36080 36493 35051 35848 37565 38474 38022 34487 35680 35806 34071 35052
n20_td30d,iridium33_20260402_planecluster-v1_n20_td30d.npz,20,td,True,sa-perm,4,False,True,,3.6722948765544605,3.6722948765544605,best-known,0.0,1.0038891669828445,wall clock,,,,,,,,,,,,,,,,,,34926 34376 34538 34079 34486 33884 36490 35628 36080 36493 35051 35848 37565 38474 38022 34487 35680 35806 34071 35052
n20_td30d,iridium33_20260402_planecluster-v1_n20_td30d.npz,20,td,True,sa-perm,5,False,True,,3.6722948765544605,3.6722948765544605,best-known,0.0,1.0043769169715233,wall clock,,,,,,,,,,,,,,,,,,34926 34376 34538 34079 34486 33884 36490 35628 36080 36493 35051 35848 37565 38474 38022 34487 35680 35806 34071 35052
n20_td30d,iridium33_20260402_planecluster-v1_n20_td30d.npz,20,td,True,cpsat,1,False,True,,3.6722948765544605,3.6722948765544605,best-known,0.0,60.128942624956835,configured time limit unless proven_optimal,,,,,,,,,,,,,,7620,,False,,34926 34376 34538 34079 34486 33884 36490 35628 36080 36493 35051 35848 37565 38474 38022 34487 35680 35806 34071 35052
n20_td30d,iridium33_20260402_planecluster-v1_n20_td30d.npz,20,td,True,cpsat,2,False,True,,3.6722948765544605,3.6722948765544605,best-known,0.0,60.15610725001898,configured time limit unless proven_optimal,,,,,,,,,,,,,,7620,,False,,34926 34376 34538 34079 34486 33884 36490 35628 36080 36493 35051 35848 37565 38474 38022 34487 35680 35806 34071 35052
n20_td30d,iridium33_20260402_planecluster-v1_n20_td30d.npz,20,td,True,cpsat,3,False,True,,3.6722948765544605,3.6722948765544605,best-known,0.0,60.408109958982095,configured time limit unless proven_optimal,,,,,,,,,,,,,,7620,,False,,34926 34376 34538 34079 34486 33884 36490 35628 36080 36493 35051 35848 37565 38474 38022 34487 35680 35806 34071 35052
n20_td30d,iridium33_20260402_planecluster-v1_n20_td30d.npz,20,td,True,cpsat,4,False,True,,3.6722948765544605,3.6722948765544605,best-known,0.0,60.150168291002046,configured time limit unless proven_optimal,,,,,,,,,,,,,,7620,,False,,34926 34376 34538 34079 34486 33884 36490 35628 36080 36493 35051 35848 37565 38474 38022 34487 35680 35806 34071 35052
n20_td30d,iridium33_20260402_planecluster-v1_n20_td30d.npz,20,td,True,cpsat,5,False,True,,3.6722948765544605,3.6722948765544605,best-known,0.0,60.14055091695627,configured time limit unless proven_optimal,,,,,,,,,,,,,,7620,,False,,34926 34376 34538 34079 34486 33884 36490 35628 36080 36493 35051 35848 37565 38474 38022 34487 35680 35806 34071 35052
